ticket_id,channel,ticket_subject,ticket_body,generated_answer,cited_doc_ids,cited_passage_text,rater1_hallucination_free_Y_N,rater1_citations_support_claims_Y_N,rater1_notes,rater2_hallucination_free_Y_N,rater2_citations_support_claims_Y_N,rater2_notes,agreement_Y_N
VAL-0001,forum,Need to rotate an exposed key,One of our production keys started returning 401 at around yesterday morning without any change on our side. Other keys against the same account are still working.,"Check the API keys page for the key's status and expiry. Revoked and expired keys are listed with the date and the user who acted. Review the scopes attached to the key. Read-only keys cannot write, and project-scoped keys cannot reach organisation endpoints.","DOC-AUTH-004, DOC-AUTH-004","[DOC-AUTH-004] API key rotation and scope management:
# API key rotation and scope management

**Applies to:** All plans

## Symptoms

- A previously working key returns 401 Unauthorized
- A key works for some endpoints and not others
- A key needs replacing after accidental exposure

## Common causes

- The key was revoked or reached its configured expiry
- The key was issued with a scope that excludes the endpoint being called
- The key belongs to a deleted user and was removed with the account

## Resolution

1. Check the API keys page for the key's status and expiry. Revoked and expired keys are listed with the date and the user who acted.
2. Review the scopes attached to the key. Read-only keys cannot write, and project-scoped keys cannot reach organisation endpoints.
3. To rotate without downtime, create the replacement key first, deploy it, confirm traffic has moved, then revoke the old key.
4. If a key has been exposed publicly, revoke it immediately rather than waiting for the rotation window.

## Notes

Keys issued to individual users are removed when that user is deleted. Use service accounts for anything running in production.

---

[DOC-AUTH-004] API key rotation and scope management:
# API key rotation and scope management

**Applies to:** All plans

## Symptoms

- A previously working key returns 401 Unauthorized
- A key works for some endpoints and not others
- A key needs replacing after accidental exposure

## Common causes

- The key was revoked or reached its configured expiry
- The key was issued with a scope that excludes the endpoint being called
- The key belongs to a deleted user and was removed with the account

## Resolution

1. Check the API keys page for the key's status and expiry. Revoked and expired keys are listed with the date and the user who acted.
2. Review the scopes attached to the key. Read-only keys cannot write, and project-scoped keys cannot reach organisation endpoints.
3. To rotate without downtime, create the replacement key first, deploy it, confirm traffic has moved, then revoke the old key.
4. If a key has been exposed publicly, revoke it immediately rather than waiting for the rotation window.

## Notes

Keys issued to individual users are removed when that user is deleted. Use service accounts for anything running in production.",Y,Y,Response provided from Citations only,Y,Y,Response provided from Citations only,Y
VAL-0004,email,MFA code keeps getting rejected,my authenticator app codes are being rejected every time. i am having tried generating new ones several times.,Check that automatic time synchronisation is enabled on the device generating the code. Device clock drift of more than thirty seconds invalidates time-based codes.,DOC-AUTH-002,"[DOC-AUTH-002] Multi-factor authentication setup and recovery:
# Multi-factor authentication setup and recovery

**Applies to:** All plans

## Symptoms

- The authenticator code is rejected as invalid
- A user has lost the device holding their authenticator
- Recovery codes were never downloaded

## Common causes

- Device clock drift of more than thirty seconds invalidates time-based codes
- The authenticator was enrolled against a different account
- Recovery codes were regenerated, invalidating the older set

## Resolution

1. Ask the user to check that automatic time synchronisation is enabled on the device generating the code. Drift is the most common cause by a wide margin.
2. If the device is lost, the user should sign in with one of their recovery codes and then re-enrol a new device from the security page.
3. Where no recovery codes are available, an account administrator can reset multi-factor authentication for that user from the team members page.
4. If the user is the sole administrator and has no recovery codes, identity verification through support is required and takes up to one business day.

## Notes

Support cannot disable multi-factor authentication without identity verification, regardless of urgency.",Y,Y,Response provided from Citations only,Y,Y,Response provided from Citations only,Y
VAL-0005,chat,,Our cursor seems to stop working partway through a long iteration. Is there an expiry we should be handling?,Cursors expire after one hour. Long-running iterations should handle expiry by restarting from a recorded checkpoint.,DOC-API-002,"[DOC-API-002] Pagination and handling large result sets:
# Pagination and handling large result sets

**Applies to:** All plans

## Symptoms

- Only the first page of results is returned
- Iterating through results misses or duplicates records
- Large queries time out

## Common causes

- The cursor from the previous response was not passed to the next request
- Offset pagination was used against a changing collection
- The page size requested exceeds the maximum

## Resolution

1. Use cursor pagination for anything that may change while you iterate. Offset pagination will skip or repeat records when items are inserted mid-iteration.
2. Pass the next_cursor value from each response as the cursor parameter of the following request, and stop when it is null.
3. Keep page size at or below two hundred. Larger requests are rejected rather than truncated.
4. For very large extracts, use the export endpoint, which runs asynchronously and returns a download link.

## Notes

Cursors expire after one hour. Long-running iterations should handle expiry by restarting from a recorded checkpoint.",Y,Y,Response provided from Citations only,Y,Y,Response provided from Citations only,Y
VAL-0006,email,MFA code keeps getting rejected,I have been trying to sign in for the last two hours and keep getting an invalid credentials message. I am certain the password is correct because I use a password manager. Nothing has changed at our end that I am aware of.,Check that automatic time synchronisation is enabled on the device generating the code. Drift is the most common cause of invalid codes.,DOC-AUTH-002,"[DOC-AUTH-002] Multi-factor authentication setup and recovery:
# Multi-factor authentication setup and recovery

**Applies to:** All plans

## Symptoms

- The authenticator code is rejected as invalid
- A user has lost the device holding their authenticator
- Recovery codes were never downloaded

## Common causes

- Device clock drift of more than thirty seconds invalidates time-based codes
- The authenticator was enrolled against a different account
- Recovery codes were regenerated, invalidating the older set

## Resolution

1. Ask the user to check that automatic time synchronisation is enabled on the device generating the code. Drift is the most common cause by a wide margin.
2. If the device is lost, the user should sign in with one of their recovery codes and then re-enrol a new device from the security page.
3. Where no recovery codes are available, an account administrator can reset multi-factor authentication for that user from the team members page.
4. If the user is the sole administrator and has no recovery codes, identity verification through support is required and takes up to one business day.

## Notes

Support cannot disable multi-factor authentication without identity verification, regardless of urgency.",Y,Y,Response provided from Citations only,Y,Y,Response provided from Citations only,Y
VAL-0008,chat,,We are tightening permissions after a review and I want to understand how group membership interacts with directly assigned roles.,"Prefer group membership to direct role assignment, so that access can be reviewed in one place.",DOC-ACCT-001,"[DOC-ACCT-001] Managing team members, roles and permissions:
# Managing team members, roles and permissions

**Applies to:** All plans

## Symptoms

- A user cannot access a project they should be able to
- A departing user needs removing
- Permissions need narrowing after a review

## Common causes

- The role was granted at project scope rather than organisation scope
- The invitation was never accepted and the account does not exist
- A group membership grants broader access than the direct role suggests

## Resolution

1. Check the effective permissions view for the user, which resolves direct roles and group memberships together.
2. Confirm the invitation was accepted. Pending invitations appear in a separate section and expire after seven days.
3. Remove a departing user rather than only changing their password, and revoke any API keys they created.
4. Prefer group membership to direct role assignment, so that access can be reviewed in one place.

## Notes

Removing the last account owner is not permitted. Transfer ownership before removing the account.",Y,Y,Response provided from Citations only,Y,Y,Response provided from Citations only,Y
VAL-0009,docs_comment,Retention period question,We need to demonstrate that read access to customer records is logged. I cannot find these events in the audit log.,"To find the events in the audit log, filter by actor, resource, and date range. Every administrative action carries the user, the address, and the outcome. Note that read access to resources is not logged on Business plans, only administrative and configuration changes.","DOC-SEC-003, DOC-SEC-003","[DOC-SEC-003] Audit logging and compliance evidence:
# Audit logging and compliance evidence

**Applies to:** Business and Enterprise plans

## Symptoms

- An auditor has requested access records
- An event that should be logged cannot be found
- Log retention is shorter than a policy requires

## Common causes

- The event predates the retention window
- The event type is not covered by the audit log
- The organisation is on a plan with shorter retention

## Resolution

1. Filter the audit log by actor, resource and date range. Every administrative action carries the user, the address and the outcome.
2. Export the relevant period to object storage for anything needed beyond the retention window. Exports are not subject to retention limits.
3. Configure continuous export to your own storage if a policy requires retention longer than the plan provides.
4. Note that read access to resources is not logged on Business plans, only administrative and configuration changes.

## Notes

Audit log exports are themselves audited, including the fields selected and the destination.

---

[DOC-SEC-003] Audit logging and compliance evidence:
# Audit logging and compliance evidence

**Applies to:** Business and Enterprise plans

## Symptoms

- An auditor has requested access records
- An event that should be logged cannot be found
- Log retention is shorter than a policy requires

## Common causes

- The event predates the retention window
- The event type is not covered by the audit log
- The organisation is on a plan with shorter retention

## Resolution

1. Filter the audit log by actor, resource and date range. Every administrative action carries the user, the address and the outcome.
2. Export the relevant period to object storage for anything needed beyond the retention window. Exports are not subject to retention limits.
3. Configure continuous export to your own storage if a policy requires retention longer than the plan provides.
4. Note that read access to resources is not logged on Business plans, only administrative and configuration changes.

## Notes

Audit log exports are themselves audited, including the fields selected and the destination.",Y,Y,Response provided from Citations only,Y,Y,Response provided from Citations only,Y
VAL-0010,docs_comment,Invoice higher than expected,Our invoice this month is considerably higher than usual and I cannot see why from the summary. Could you help me understand what has driven the increase?,"To understand why your invoice is higher than expected, open the usage breakdown for the period, which itemises charges by service and by environment. Look for resources in staging or development environments, which are billed at the same rate as production. Check the billing period dates at the top of the invoice. The period runs from the anniversary of the subscription date.","DOC-BILL-001, DOC-BILL-001, DOC-BILL-001","[DOC-BILL-001] Understanding your invoice and usage breakdown:
# Understanding your invoice and usage breakdown

**Applies to:** All plans

## Symptoms

- The invoice is higher than expected
- Charges appear for a service that is not in use
- The billing period does not align with the calendar month

## Common causes

- Usage-based charges accrued beyond the plan allowance
- A resource was left running in a non-production environment
- The billing period runs from the subscription date rather than the first of the month

## Resolution

1. Open the usage breakdown for the period, which itemises charges by service and by environment.
2. Look for resources in staging or development environments, which are billed at the same rate as production.
3. Check the billing period dates at the top of the invoice. The period runs from the anniversary of the subscription date.
4. Set a usage alert on the billing page so that unexpected accrual is noticed during the period rather than at the end of it.

## Notes

Invoices are finalised three days after the period ends. Adjustments requested before finalisation appear on the same invoice.

---

[DOC-BILL-001] Understanding your invoice and usage breakdown:
# Understanding your invoice and usage breakdown

**Applies to:** All plans

## Symptoms

- The invoice is higher than expected
- Charges appear for a service that is not in use
- The billing period does not align with the calendar month

## Common causes

- Usage-based charges accrued beyond the plan allowance
- A resource was left running in a non-production environment
- The billing period runs from the subscription date rather than the first of the month

## Resolution

1. Open the usage breakdown for the period, which itemises charges by service and by environment.
2. Look for resources in staging or development environments, which are billed at the same rate as production.
3. Check the billing period dates at the top of the invoice. The period runs from the anniversary of the subscription date.
4. Set a usage alert on the billing page so that unexpected accrual is noticed during the period rather than at the end of it.

## Notes

Invoices are finalised three days after the period ends. Adjustments requested before finalisation appear on the same invoice.

---

[DOC-BILL-001] Understanding your invoice and usage breakdown:
# Understanding your invoice and usage breakdown

**Applies to:** All plans

## Symptoms

- The invoice is higher than expected
- Charges appear for a service that is not in use
- The billing period does not align with the calendar month

## Common causes

- Usage-based charges accrued beyond the plan allowance
- A resource was left running in a non-production environment
- The billing period runs from the subscription date rather than the first of the month

## Resolution

1. Open the usage breakdown for the period, which itemises charges by service and by environment.
2. Look for resources in staging or development environments, which are billed at the same rate as production.
3. Check the billing period dates at the top of the invoice. The period runs from the anniversary of the subscription date.
4. Set a usage alert on the billing page so that unexpected accrual is noticed during the period rather than at the end of it.

## Notes

Invoices are finalised three days after the period ends. Adjustments requested before finalisation appear on the same invoice.",Y,Y,Response provided from Citations only,Y,Y,Response provided from Citations only,Y
VAL-0011,forum,How do I revert to the previous revision,We shipped a release yesterday morning that has broken checkout for a portion of our customers. We need to get back to the previous version quickly. What is the fastest safe route?,"To revert to the previous revision, open the revisions page for the service, identify the last revision that was healthy, and select roll back on that revision. Traffic will move within roughly thirty seconds and no rebuild will take place.","DOC-DEPLOY-002, DOC-DEPLOY-002","[DOC-DEPLOY-002] Rolling back a failed release:
# Rolling back a failed release

**Applies to:** Container Service, Functions

## Symptoms

- A release has introduced errors and must be reverted
- The previous revision is needed while a fix is prepared

## Common causes

- A defect reached production that testing did not catch
- A configuration change had unintended effects

## Resolution

1. Open the revisions page for the service and identify the last revision that was healthy.
2. Select roll back on that revision. Traffic moves within roughly thirty seconds and no rebuild takes place.
3. If the release included a database migration, roll the migration back before the service, or the older code will encounter a schema it does not expect.
4. Record the incident and the reason for the rollback before deploying a fix, while the detail is still fresh.

## Notes

Rollback restores the container image and its configuration together. It does not restore data.

---

[DOC-DEPLOY-002] Rolling back a failed release:
# Rolling back a failed release

**Applies to:** Container Service, Functions

## Symptoms

- A release has introduced errors and must be reverted
- The previous revision is needed while a fix is prepared

## Common causes

- A defect reached production that testing did not catch
- A configuration change had unintended effects

## Resolution

1. Open the revisions page for the service and identify the last revision that was healthy.
2. Select roll back on that revision. Traffic moves within roughly thirty seconds and no rebuild takes place.
3. If the release included a database migration, roll the migration back before the service, or the older code will encounter a schema it does not expect.
4. Record the incident and the reason for the rollback before deploying a fix, while the detail is still fresh.

## Notes

Rollback restores the container image and its configuration together. It does not restore data.",Y,Y,Response provided from Citations only,Y,Y,Response provided from Citations only,Y
VAL-0012,email,Need to roll back the latest release,How do I revert to an earlier revision? The release we put out this morning is causing errors and I would rather roll back than try to fix forward.,"To revert to an earlier revision, open the revisions page for the service and identify the last revision that was healthy. Select roll back on that revision. Traffic moves within roughly thirty seconds and no rebuild takes place.","DOC-DEPLOY-002, DOC-DEPLOY-002","[DOC-DEPLOY-002] Rolling back a failed release:
# Rolling back a failed release

**Applies to:** Container Service, Functions

## Symptoms

- A release has introduced errors and must be reverted
- The previous revision is needed while a fix is prepared

## Common causes

- A defect reached production that testing did not catch
- A configuration change had unintended effects

## Resolution

1. Open the revisions page for the service and identify the last revision that was healthy.
2. Select roll back on that revision. Traffic moves within roughly thirty seconds and no rebuild takes place.
3. If the release included a database migration, roll the migration back before the service, or the older code will encounter a schema it does not expect.
4. Record the incident and the reason for the rollback before deploying a fix, while the detail is still fresh.

## Notes

Rollback restores the container image and its configuration together. It does not restore data.

---

[DOC-DEPLOY-002] Rolling back a failed release:
# Rolling back a failed release

**Applies to:** Container Service, Functions

## Symptoms

- A release has introduced errors and must be reverted
- The previous revision is needed while a fix is prepared

## Common causes

- A defect reached production that testing did not catch
- A configuration change had unintended effects

## Resolution

1. Open the revisions page for the service and identify the last revision that was healthy.
2. Select roll back on that revision. Traffic moves within roughly thirty seconds and no rebuild takes place.
3. If the release included a database migration, roll the migration back before the service, or the older code will encounter a schema it does not expect.
4. Record the incident and the reason for the rollback before deploying a fix, while the detail is still fresh.

## Notes

Rollback restores the container image and its configuration together. It does not restore data.",Y,Y,Response provided from Citations only,Y,Y,Response provided from Citations only,Y
VAL-0013,docs_comment,Question about this month's charges,There are charges on our invoice for a service I do not believe we use. Could you explain what these relate to?,"To understand the charges on your invoice, open the usage breakdown for the period, which itemises charges by service and by environment. Look for resources in staging or development environments, which are billed at the same rate as production.","DOC-BILL-001, DOC-BILL-001","[DOC-BILL-001] Understanding your invoice and usage breakdown:
# Understanding your invoice and usage breakdown

**Applies to:** All plans

## Symptoms

- The invoice is higher than expected
- Charges appear for a service that is not in use
- The billing period does not align with the calendar month

## Common causes

- Usage-based charges accrued beyond the plan allowance
- A resource was left running in a non-production environment
- The billing period runs from the subscription date rather than the first of the month

## Resolution

1. Open the usage breakdown for the period, which itemises charges by service and by environment.
2. Look for resources in staging or development environments, which are billed at the same rate as production.
3. Check the billing period dates at the top of the invoice. The period runs from the anniversary of the subscription date.
4. Set a usage alert on the billing page so that unexpected accrual is noticed during the period rather than at the end of it.

## Notes

Invoices are finalised three days after the period ends. Adjustments requested before finalisation appear on the same invoice.

---

[DOC-BILL-001] Understanding your invoice and usage breakdown:
# Understanding your invoice and usage breakdown

**Applies to:** All plans

## Symptoms

- The invoice is higher than expected
- Charges appear for a service that is not in use
- The billing period does not align with the calendar month

## Common causes

- Usage-based charges accrued beyond the plan allowance
- A resource was left running in a non-production environment
- The billing period runs from the subscription date rather than the first of the month

## Resolution

1. Open the usage breakdown for the period, which itemises charges by service and by environment.
2. Look for resources in staging or development environments, which are billed at the same rate as production.
3. Check the billing period dates at the top of the invoice. The period runs from the anniversary of the subscription date.
4. Set a usage alert on the billing page so that unexpected accrual is noticed during the period rather than at the end of it.

## Notes

Invoices are finalised three days after the period ends. Adjustments requested before finalisation appear on the same invoice.",Y,Y,Response provided from Citations only,Y,Y,Response provided from Citations only,Y
VAL-0014,email,Bad release in production,we shipped a release around 14:00 yesterday that has broken checkout for portion of our customers. We need to get back to the previous version quickly. waiting for your reply.,"To roll back the failed release, open the revisions page for the service and identify the last revision that was healthy. Select roll back on that revision. Traffic moves within roughly thirty seconds and no rebuild takes place. If the release included a database migration, roll the migration back before the service, or the older code will encounter a schema it does not expect.","DOC-DEPLOY-002, DOC-DEPLOY-002","[DOC-DEPLOY-002] Rolling back a failed release:
# Rolling back a failed release

**Applies to:** Container Service, Functions

## Symptoms

- A release has introduced errors and must be reverted
- The previous revision is needed while a fix is prepared

## Common causes

- A defect reached production that testing did not catch
- A configuration change had unintended effects

## Resolution

1. Open the revisions page for the service and identify the last revision that was healthy.
2. Select roll back on that revision. Traffic moves within roughly thirty seconds and no rebuild takes place.
3. If the release included a database migration, roll the migration back before the service, or the older code will encounter a schema it does not expect.
4. Record the incident and the reason for the rollback before deploying a fix, while the detail is still fresh.

## Notes

Rollback restores the container image and its configuration together. It does not restore data.

---

[DOC-DEPLOY-002] Rolling back a failed release:
# Rolling back a failed release

**Applies to:** Container Service, Functions

## Symptoms

- A release has introduced errors and must be reverted
- The previous revision is needed while a fix is prepared

## Common causes

- A defect reached production that testing did not catch
- A configuration change had unintended effects

## Resolution

1. Open the revisions page for the service and identify the last revision that was healthy.
2. Select roll back on that revision. Traffic moves within roughly thirty seconds and no rebuild takes place.
3. If the release included a database migration, roll the migration back before the service, or the older code will encounter a schema it does not expect.
4. Record the incident and the reason for the rollback before deploying a fix, while the detail is still fresh.

## Notes

Rollback restores the container image and its configuration together. It does not restore data.",Y,Y,Response provided from Citations only,Y,Y,Response provided from Citations only,Y
VAL-0016,chat,,The service is noticeably slow during our afternoon peak and fine the rest of the day. We have autoscaling enabled so I expected it to cope.,"To diagnose the issue, compare median and 95th percentile latency on the metrics page. A large gap points to contention or queueing rather than a uniformly slower service. Check memory utilisation across instances. Sustained utilisation above eighty per cent typically shows up as latency before it shows up as failure. Review the dependency timing breakdown on the trace view to identify whether the time is being spent in your service or waiting on another. Adjust the autoscaling policy if load is predictable. Scaling on request count responds sooner than scaling on processor utilisation.","DOC-PERF-001, DOC-PERF-001, DOC-PERF-001, DOC-PERF-001","[DOC-PERF-001] Diagnosing elevated response latency:
# Diagnosing elevated response latency

**Applies to:** All compute services

## Symptoms

- Response times have increased without a code change
- The 95th percentile is far above the median
- Latency rises at predictable times of day

## Common causes

- The service is running close to its memory limit and spending time in garbage collection
- A downstream dependency has slowed and the delay is propagating
- Instance count is not scaling with the load pattern

## Resolution

1. Compare median and 95th percentile latency on the metrics page. A large gap points to contention or queueing rather than a uniformly slower service.
2. Check memory utilisation across instances. Sustained utilisation above eighty per cent typically shows up as latency before it shows up as failure.
3. Review the dependency timing breakdown on the trace view to identify whether the time is being spent in your service or waiting on another.
4. Adjust the autoscaling policy if load is predictable. Scaling on request count responds sooner than scaling on processor utilisation.

## Notes

Cold starts affect the first request to a new instance. Frequent scaling events will therefore raise the 95th percentile even when the service itself is healthy.

---

[DOC-PERF-001] Diagnosing elevated response latency:
# Diagnosing elevated response latency

**Applies to:** All compute services

## Symptoms

- Response times have increased without a code change
- The 95th percentile is far above the median
- Latency rises at predictable times of day

## Common causes

- The service is running close to its memory limit and spending time in garbage collection
- A downstream dependency has slowed and the delay is propagating
- Instance count is not scaling with the load pattern

## Resolution

1. Compare median and 95th percentile latency on the metrics page. A large gap points to contention or queueing rather than a uniformly slower service.
2. Check memory utilisation across instances. Sustained utilisation above eighty per cent typically shows up as latency before it shows up as failure.
3. Review the dependency timing breakdown on the trace view to identify whether the time is being spent in your service or waiting on another.
4. Adjust the autoscaling policy if load is predictable. Scaling on request count responds sooner than scaling on processor utilisation.

## Notes

Cold starts affect the first request to a new instance. Frequent scaling events will therefore raise the 95th percentile even when the service itself is healthy.

---

[DOC-PERF-001] Diagnosing elevated response latency:
# Diagnosing elevated response latency

**Applies to:** All compute services

## Symptoms

- Response times have increased without a code change
- The 95th percentile is far above the median
- Latency rises at predictable times of day

## Common causes

- The service is running close to its memory limit and spending time in garbage collection
- A downstream dependency has slowed and the delay is propagating
- Instance count is not scaling with the load pattern

## Resolution

1. Compare median and 95th percentile latency on the metrics page. A large gap points to contention or queueing rather than a uniformly slower service.
2. Check memory utilisation across instances. Sustained utilisation above eighty per cent typically shows up as latency before it shows up as failure.
3. Review the dependency timing breakdown on the trace view to identify whether the time is being spent in your service or waiting on another.
4. Adjust the autoscaling policy if load is predictable. Scaling on request count responds sooner than scaling on processor utilisation.

## Notes

Cold starts affect the first request to a new instance. Frequent scaling events will therefore raise the 95th percentile even when the service itself is healthy.

---

[DOC-PERF-001] Diagnosing elevated response latency:
# Diagnosing elevated response latency

**Applies to:** All compute services

## Symptoms

- Response times have increased without a code change
- The 95th percentile is far above the median
- Latency rises at predictable times of day

## Common causes

- The service is running close to its memory limit and spending time in garbage collection
- A downstream dependency has slowed and the delay is propagating
- Instance count is not scaling with the load pattern

## Resolution

1. Compare median and 95th percentile latency on the metrics page. A large gap points to contention or queueing rather than a uniformly slower service.
2. Check memory utilisation across instances. Sustained utilisation above eighty per cent typically shows up as latency before it shows up as failure.
3. Review the dependency timing breakdown on the trace view to identify whether the time is being spent in your service or waiting on another.
4. Adjust the autoscaling policy if load is predictable. Scaling on request count responds sooner than scaling on processor utilisation.

## Notes

Cold starts affect the first request to a new instance. Frequent scaling events will therefore raise the 95th percentile even when the service itself is healthy.",Y,Y,Response provided from Citations only,Y,Y,Response provided from Citations only,Y
VAL-0018,email,How do I page through large results,Our cursor seems to stop working partway through a long iteration. Is there an expiry we should be handling?,Cursors expire after one hour. Long-running iterations should handle expiry by restarting from a recorded checkpoint.,"DOC-API-002, DOC-API-002","[DOC-API-002] Pagination and handling large result sets:
# Pagination and handling large result sets

**Applies to:** All plans

## Symptoms

- Only the first page of results is returned
- Iterating through results misses or duplicates records
- Large queries time out

## Common causes

- The cursor from the previous response was not passed to the next request
- Offset pagination was used against a changing collection
- The page size requested exceeds the maximum

## Resolution

1. Use cursor pagination for anything that may change while you iterate. Offset pagination will skip or repeat records when items are inserted mid-iteration.
2. Pass the next_cursor value from each response as the cursor parameter of the following request, and stop when it is null.
3. Keep page size at or below two hundred. Larger requests are rejected rather than truncated.
4. For very large extracts, use the export endpoint, which runs asynchronously and returns a download link.

## Notes

Cursors expire after one hour. Long-running iterations should handle expiry by restarting from a recorded checkpoint.

---

[DOC-API-002] Pagination and handling large result sets:
# Pagination and handling large result sets

**Applies to:** All plans

## Symptoms

- Only the first page of results is returned
- Iterating through results misses or duplicates records
- Large queries time out

## Common causes

- The cursor from the previous response was not passed to the next request
- Offset pagination was used against a changing collection
- The page size requested exceeds the maximum

## Resolution

1. Use cursor pagination for anything that may change while you iterate. Offset pagination will skip or repeat records when items are inserted mid-iteration.
2. Pass the next_cursor value from each response as the cursor parameter of the following request, and stop when it is null.
3. Keep page size at or below two hundred. Larger requests are rejected rather than truncated.
4. For very large extracts, use the export endpoint, which runs asynchronously and returns a download link.

## Notes

Cursors expire after one hour. Long-running iterations should handle expiry by restarting from a recorded checkpoint.",Y,Y,Response provided from Citations only,Y,Y,Response provided from Citations only,Y
VAL-0019,email,Remove a departing team member,my team member not able to open project. i give permission already two time. still not working.,"Check the effective permissions view for the user, which resolves direct roles and group memberships together. Confirm the invitation was accepted. Pending invitations appear in a separate section and expire after seven days. Remove a departing user rather than only changing their password, and revoke any API keys they created.","DOC-ACCT-001, DOC-ACCT-001, DOC-ACCT-001","[DOC-ACCT-001] Managing team members, roles and permissions:
# Managing team members, roles and permissions

**Applies to:** All plans

## Symptoms

- A user cannot access a project they should be able to
- A departing user needs removing
- Permissions need narrowing after a review

## Common causes

- The role was granted at project scope rather than organisation scope
- The invitation was never accepted and the account does not exist
- A group membership grants broader access than the direct role suggests

## Resolution

1. Check the effective permissions view for the user, which resolves direct roles and group memberships together.
2. Confirm the invitation was accepted. Pending invitations appear in a separate section and expire after seven days.
3. Remove a departing user rather than only changing their password, and revoke any API keys they created.
4. Prefer group membership to direct role assignment, so that access can be reviewed in one place.

## Notes

Removing the last account owner is not permitted. Transfer ownership before removing the account.

---

[DOC-ACCT-001] Managing team members, roles and permissions:
# Managing team members, roles and permissions

**Applies to:** All plans

## Symptoms

- A user cannot access a project they should be able to
- A departing user needs removing
- Permissions need narrowing after a review

## Common causes

- The role was granted at project scope rather than organisation scope
- The invitation was never accepted and the account does not exist
- A group membership grants broader access than the direct role suggests

## Resolution

1. Check the effective permissions view for the user, which resolves direct roles and group memberships together.
2. Confirm the invitation was accepted. Pending invitations appear in a separate section and expire after seven days.
3. Remove a departing user rather than only changing their password, and revoke any API keys they created.
4. Prefer group membership to direct role assignment, so that access can be reviewed in one place.

## Notes

Removing the last account owner is not permitted. Transfer ownership before removing the account.

---

[DOC-ACCT-001] Managing team members, roles and permissions:
# Managing team members, roles and permissions

**Applies to:** All plans

## Symptoms

- A user cannot access a project they should be able to
- A departing user needs removing
- Permissions need narrowing after a review

## Common causes

- The role was granted at project scope rather than organisation scope
- The invitation was never accepted and the account does not exist
- A group membership grants broader access than the direct role suggests

## Resolution

1. Check the effective permissions view for the user, which resolves direct roles and group memberships together.
2. Confirm the invitation was accepted. Pending invitations appear in a separate section and expire after seven days.
3. Remove a departing user rather than only changing their password, and revoke any API keys they created.
4. Prefer group membership to direct role assignment, so that access can be reviewed in one place.

## Notes

Removing the last account owner is not permitted. Transfer ownership before removing the account.",Y,Y,Response provided from Citations only,Y,Y,Response provided from Citations only,Y
VAL-0021,chat,,We shipped a release earlier today that has broken checkout for a portion of our customers. We need to get back to the previous version quickly. What is the fastest safe route?,"To roll back to the previous version quickly, follow the steps in [DOC-DEPLOY-002] Rolling back a failed release. Specifically, open the revisions page for the service, identify the last revision that was healthy, and select roll back on that revision. If the release included a database migration, roll the migration back before the service. This will restore the container image and its configuration together, but not restore data.","DOC-DEPLOY-002, DOC-DEPLOY-002, DOC-DEPLOY-002","[DOC-DEPLOY-002] Rolling back a failed release:
# Rolling back a failed release

**Applies to:** Container Service, Functions

## Symptoms

- A release has introduced errors and must be reverted
- The previous revision is needed while a fix is prepared

## Common causes

- A defect reached production that testing did not catch
- A configuration change had unintended effects

## Resolution

1. Open the revisions page for the service and identify the last revision that was healthy.
2. Select roll back on that revision. Traffic moves within roughly thirty seconds and no rebuild takes place.
3. If the release included a database migration, roll the migration back before the service, or the older code will encounter a schema it does not expect.
4. Record the incident and the reason for the rollback before deploying a fix, while the detail is still fresh.

## Notes

Rollback restores the container image and its configuration together. It does not restore data.

---

[DOC-DEPLOY-002] Rolling back a failed release:
# Rolling back a failed release

**Applies to:** Container Service, Functions

## Symptoms

- A release has introduced errors and must be reverted
- The previous revision is needed while a fix is prepared

## Common causes

- A defect reached production that testing did not catch
- A configuration change had unintended effects

## Resolution

1. Open the revisions page for the service and identify the last revision that was healthy.
2. Select roll back on that revision. Traffic moves within roughly thirty seconds and no rebuild takes place.
3. If the release included a database migration, roll the migration back before the service, or the older code will encounter a schema it does not expect.
4. Record the incident and the reason for the rollback before deploying a fix, while the detail is still fresh.

## Notes

Rollback restores the container image and its configuration together. It does not restore data.

---

[DOC-DEPLOY-002] Rolling back a failed release:
# Rolling back a failed release

**Applies to:** Container Service, Functions

## Symptoms

- A release has introduced errors and must be reverted
- The previous revision is needed while a fix is prepared

## Common causes

- A defect reached production that testing did not catch
- A configuration change had unintended effects

## Resolution

1. Open the revisions page for the service and identify the last revision that was healthy.
2. Select roll back on that revision. Traffic moves within roughly thirty seconds and no rebuild takes place.
3. If the release included a database migration, roll the migration back before the service, or the older code will encounter a schema it does not expect.
4. Record the incident and the reason for the rollback before deploying a fix, while the detail is still fresh.

## Notes

Rollback restores the container image and its configuration together. It does not restore data.",Y,Y,Response provided from Citations only,Y,Y,Response provided from Citations only,Y
VAL-0022,docs_comment,Service slow at peak hours,The service is noticeably slow during our afternoon peak and fine the rest of the day. We have autoscaling enabled so I expected it to cope.,"To diagnose the issue, compare median and 95th percentile latency on the metrics page. A large gap points to contention or queueing rather than a uniformly slower service. Check memory utilisation across instances. Sustained utilisation above eighty per cent typically shows up as latency before it shows up as failure. Review the dependency timing breakdown on the trace view to identify whether the time is being spent in your service or waiting on another. Adjust the autoscaling policy if load is predictable. Scaling on request count responds sooner than scaling on processor utilisation.","DOC-PERF-001, DOC-PERF-001, DOC-PERF-001, DOC-PERF-001","[DOC-PERF-001] Diagnosing elevated response latency:
# Diagnosing elevated response latency

**Applies to:** All compute services

## Symptoms

- Response times have increased without a code change
- The 95th percentile is far above the median
- Latency rises at predictable times of day

## Common causes

- The service is running close to its memory limit and spending time in garbage collection
- A downstream dependency has slowed and the delay is propagating
- Instance count is not scaling with the load pattern

## Resolution

1. Compare median and 95th percentile latency on the metrics page. A large gap points to contention or queueing rather than a uniformly slower service.
2. Check memory utilisation across instances. Sustained utilisation above eighty per cent typically shows up as latency before it shows up as failure.
3. Review the dependency timing breakdown on the trace view to identify whether the time is being spent in your service or waiting on another.
4. Adjust the autoscaling policy if load is predictable. Scaling on request count responds sooner than scaling on processor utilisation.

## Notes

Cold starts affect the first request to a new instance. Frequent scaling events will therefore raise the 95th percentile even when the service itself is healthy.

---

[DOC-PERF-001] Diagnosing elevated response latency:
# Diagnosing elevated response latency

**Applies to:** All compute services

## Symptoms

- Response times have increased without a code change
- The 95th percentile is far above the median
- Latency rises at predictable times of day

## Common causes

- The service is running close to its memory limit and spending time in garbage collection
- A downstream dependency has slowed and the delay is propagating
- Instance count is not scaling with the load pattern

## Resolution

1. Compare median and 95th percentile latency on the metrics page. A large gap points to contention or queueing rather than a uniformly slower service.
2. Check memory utilisation across instances. Sustained utilisation above eighty per cent typically shows up as latency before it shows up as failure.
3. Review the dependency timing breakdown on the trace view to identify whether the time is being spent in your service or waiting on another.
4. Adjust the autoscaling policy if load is predictable. Scaling on request count responds sooner than scaling on processor utilisation.

## Notes

Cold starts affect the first request to a new instance. Frequent scaling events will therefore raise the 95th percentile even when the service itself is healthy.

---

[DOC-PERF-001] Diagnosing elevated response latency:
# Diagnosing elevated response latency

**Applies to:** All compute services

## Symptoms

- Response times have increased without a code change
- The 95th percentile is far above the median
- Latency rises at predictable times of day

## Common causes

- The service is running close to its memory limit and spending time in garbage collection
- A downstream dependency has slowed and the delay is propagating
- Instance count is not scaling with the load pattern

## Resolution

1. Compare median and 95th percentile latency on the metrics page. A large gap points to contention or queueing rather than a uniformly slower service.
2. Check memory utilisation across instances. Sustained utilisation above eighty per cent typically shows up as latency before it shows up as failure.
3. Review the dependency timing breakdown on the trace view to identify whether the time is being spent in your service or waiting on another.
4. Adjust the autoscaling policy if load is predictable. Scaling on request count responds sooner than scaling on processor utilisation.

## Notes

Cold starts affect the first request to a new instance. Frequent scaling events will therefore raise the 95th percentile even when the service itself is healthy.

---

[DOC-PERF-001] Diagnosing elevated response latency:
# Diagnosing elevated response latency

**Applies to:** All compute services

## Symptoms

- Response times have increased without a code change
- The 95th percentile is far above the median
- Latency rises at predictable times of day

## Common causes

- The service is running close to its memory limit and spending time in garbage collection
- A downstream dependency has slowed and the delay is propagating
- Instance count is not scaling with the load pattern

## Resolution

1. Compare median and 95th percentile latency on the metrics page. A large gap points to contention or queueing rather than a uniformly slower service.
2. Check memory utilisation across instances. Sustained utilisation above eighty per cent typically shows up as latency before it shows up as failure.
3. Review the dependency timing breakdown on the trace view to identify whether the time is being spent in your service or waiting on another.
4. Adjust the autoscaling policy if load is predictable. Scaling on request count responds sooner than scaling on processor utilisation.

## Notes

Cold starts affect the first request to a new instance. Frequent scaling events will therefore raise the 95th percentile even when the service itself is healthy.",Y,Y,Response provided from Citations only,Y,Y,Response provided from Citations only,Y
VAL-0023,email,Migrating our app across,We have just signed up and I am not sure where to start. We have a containerised application and would like to get it deployed.,"To migrate your containerized application, first create a project, then a service within it. Connect a repository or push a container image. The build service detects common project layouts automatically. Set any environment variables the application needs before the first deployment rather than after it. Deploy, then watch the logs for the first sixty seconds. Most first-deployment problems are visible immediately in startup output.","DOC-ONB-001, DOC-ONB-001","[DOC-ONB-001] First deployment: a walkthrough:
# First deployment: a walkthrough

**Applies to:** All plans

## Symptoms

- A new user does not know where to begin
- The first deployment fails for unclear reasons

## Common causes

- Required configuration has not been set
- The project structure does not match what the build expects

## Resolution

1. Create a project, then a service within it. Resources belong to services and services belong to projects.
2. Connect a repository or push a container image. The build service detects common project layouts automatically.
3. Set any environment variables the application needs before the first deployment rather than after it.
4. Deploy, then watch the logs for the first sixty seconds. Most first-deployment problems are visible immediately in startup output.

## Notes

The free tier includes one service and is sufficient for evaluating the platform.

---

[DOC-ONB-001] First deployment: a walkthrough:
# First deployment: a walkthrough

**Applies to:** All plans

## Symptoms

- A new user does not know where to begin
- The first deployment fails for unclear reasons

## Common causes

- Required configuration has not been set
- The project structure does not match what the build expects

## Resolution

1. Create a project, then a service within it. Resources belong to services and services belong to projects.
2. Connect a repository or push a container image. The build service detects common project layouts automatically.
3. Set any environment variables the application needs before the first deployment rather than after it.
4. Deploy, then watch the logs for the first sixty seconds. Most first-deployment problems are visible immediately in startup output.

## Notes

The free tier includes one service and is sufficient for evaluating the platform.",Y,Y,Response provided from Citations only,Y,Y,Response provided from Citations only,Y
VAL-0024,chat,,A key can read fine but every write returns a permission error. I created it myself and I thought I gave it full access.,"Check the scopes attached to the key. Read-only keys cannot write, and project-scoped keys cannot reach organisation endpoints.",DOC-AUTH-004,"[DOC-AUTH-004] API key rotation and scope management:
# API key rotation and scope management

**Applies to:** All plans

## Symptoms

- A previously working key returns 401 Unauthorized
- A key works for some endpoints and not others
- A key needs replacing after accidental exposure

## Common causes

- The key was revoked or reached its configured expiry
- The key was issued with a scope that excludes the endpoint being called
- The key belongs to a deleted user and was removed with the account

## Resolution

1. Check the API keys page for the key's status and expiry. Revoked and expired keys are listed with the date and the user who acted.
2. Review the scopes attached to the key. Read-only keys cannot write, and project-scoped keys cannot reach organisation endpoints.
3. To rotate without downtime, create the replacement key first, deploy it, confirm traffic has moved, then revoke the old key.
4. If a key has been exposed publicly, revoke it immediately rather than waiting for the rotation window.

## Notes

Keys issued to individual users are removed when that user is deleted. Use service accounts for anything running in production.",Y,Y,Response provided from Citations only,Y,Y,Response provided from Citations only,Y
VAL-0025,chat,,every deployment fails at health check stage. i am having increase timeout twice already and it makes no difference. kindly check and revert.,"Confirm the container is listening on the port declared in the service definition. A mismatch here produces a health check failure that looks like a timeout. Also, inspect the container logs from the failed revision rather than the running one; the rollback replaces the logs shown by default.","DOC-DEPLOY-001, DOC-DEPLOY-001","[DOC-DEPLOY-001] Container deployments failing during the health check phase:
# Container deployments failing during the health check phase

**Applies to:** Container Service

## Symptoms

- The deployment reaches running and then rolls back
- Logs show repeated health check timeouts
- The service works locally but not when deployed

## Common causes

- The health endpoint takes longer to respond than the configured timeout
- The container listens on a different port than the service declares
- A required environment variable is absent in the deployed environment

## Resolution

1. Confirm the container is listening on the port declared in the service definition. A mismatch here produces a health check failure that looks like a timeout.
2. Increase the initial delay if the application needs time to warm up before it can answer. Thirty seconds is a reasonable starting point for services that load models or caches.
3. Compare the environment variables present in the deployment against those the application requires. Missing configuration frequently causes a silent startup failure.
4. Inspect the container logs from the failed revision rather than the running one; the rollback replaces the logs shown by default.

## Notes

A health check must return within the timeout using only local state. Endpoints that call a database will fail during a database incident and take the service down with them.

---

[DOC-DEPLOY-001] Container deployments failing during the health check phase:
# Container deployments failing during the health check phase

**Applies to:** Container Service

## Symptoms

- The deployment reaches running and then rolls back
- Logs show repeated health check timeouts
- The service works locally but not when deployed

## Common causes

- The health endpoint takes longer to respond than the configured timeout
- The container listens on a different port than the service declares
- A required environment variable is absent in the deployed environment

## Resolution

1. Confirm the container is listening on the port declared in the service definition. A mismatch here produces a health check failure that looks like a timeout.
2. Increase the initial delay if the application needs time to warm up before it can answer. Thirty seconds is a reasonable starting point for services that load models or caches.
3. Compare the environment variables present in the deployment against those the application requires. Missing configuration frequently causes a silent startup failure.
4. Inspect the container logs from the failed revision rather than the running one; the rollback replaces the logs shown by default.

## Notes

A health check must return within the timeout using only local state. Endpoints that call a database will fail during a database incident and take the service down with them.",Y,Y,Response provided from Citations only,Y,Y,Response provided from Citations only,Y
VAL-0026,email,Need data to stay in the EU,we need our data to remain within EU for contract we are signing. Our organisation created some time ago and i not sure which region it is in. please do the needful.,"To check the region where your organisation's data is stored, go to the organisation settings page and look for the region shown there. If you need to change the region, you'll need to contact support for a planned migration with a maintenance window.","DOC-DATA-003, DOC-DATA-003","[DOC-DATA-003] Data residency and regional storage:
# Data residency and regional storage

**Applies to:** Business and Enterprise plans

## Symptoms

- A customer requires data to remain in a specific region
- Latency is high for users far from the primary region
- A compliance review has asked where data is held

## Common causes

- The organisation was created in a region that no longer suits the requirement
- Read traffic is being served from the primary region only
- Backups are replicated to a second region by default

## Resolution

1. Check the region shown on the organisation settings page. This is fixed at creation and determines where primary data is stored.
2. Enable read replicas in additional regions to reduce latency for distant users without moving primary storage.
3. Review the backup replication setting if a single-region requirement applies, since cross-region replication is enabled by default.
4. Migrating an organisation between regions requires a planned migration with support and involves a maintenance window.

## Notes

Metadata such as account names and billing records is stored centrally regardless of the data region.

---

[DOC-DATA-003] Data residency and regional storage:
# Data residency and regional storage

**Applies to:** Business and Enterprise plans

## Symptoms

- A customer requires data to remain in a specific region
- Latency is high for users far from the primary region
- A compliance review has asked where data is held

## Common causes

- The organisation was created in a region that no longer suits the requirement
- Read traffic is being served from the primary region only
- Backups are replicated to a second region by default

## Resolution

1. Check the region shown on the organisation settings page. This is fixed at creation and determines where primary data is stored.
2. Enable read replicas in additional regions to reduce latency for distant users without moving primary storage.
3. Review the backup replication setting if a single-region requirement applies, since cross-region replication is enabled by default.
4. Migrating an organisation between regions requires a planned migration with support and involves a maintenance window.

## Notes

Metadata such as account names and billing records is stored centrally regardless of the data region.",Y,Y,Response provided from Citations only,Y,Y,Response provided from Citations only,Y
VAL-0027,email,Usage allowance already consumed,Overage charges appeared on our invoice that we were not expecting. We thought we were well inside our allowance.,"Check the current period usage against the plan allowance on the billing page. Decide deliberately between a hard spend cap, which stops the service, and overage, which continues at the listed rate. Production workloads generally need the second.","DOC-BILL-003, DOC-BILL-003","[DOC-BILL-003] Usage limits, overage and spend controls:
# Usage limits, overage and spend controls

**Applies to:** All plans

## Symptoms

- Service was throttled after a traffic increase
- Overage charges appeared unexpectedly
- A spend cap stopped a production workload

## Common causes

- Plan allowance was consumed before the end of the period
- A spend cap was configured and reached
- Overage protection is disabled, so usage continued beyond the allowance

## Resolution

1. Check the current period usage against the plan allowance on the billing page.
2. Decide deliberately between a hard spend cap, which stops the service, and overage, which continues at the listed rate. Production workloads generally need the second.
3. Configure alerts at fifty, eighty and ninety-five per cent of allowance rather than relying on the cap as a warning.
4. Where a cap has stopped a production service, an account owner can raise it immediately from the billing page and service resumes within a minute.

## Notes

Spend caps apply per organisation and cannot currently be set per project.

---

[DOC-BILL-003] Usage limits, overage and spend controls:
# Usage limits, overage and spend controls

**Applies to:** All plans

## Symptoms

- Service was throttled after a traffic increase
- Overage charges appeared unexpectedly
- A spend cap stopped a production workload

## Common causes

- Plan allowance was consumed before the end of the period
- A spend cap was configured and reached
- Overage protection is disabled, so usage continued beyond the allowance

## Resolution

1. Check the current period usage against the plan allowance on the billing page.
2. Decide deliberately between a hard spend cap, which stops the service, and overage, which continues at the listed rate. Production workloads generally need the second.
3. Configure alerts at fifty, eighty and ninety-five per cent of allowance rather than relying on the cap as a warning.
4. Where a cap has stopped a production service, an account owner can raise it immediately from the billing page and service resumes within a minute.

## Notes

Spend caps apply per organisation and cannot currently be set per project.",Y,Y,Response provided from Citations only,Y,Y,Response provided from Citations only,Y
VAL-0028,email,Deployment rolls back every time,builds that work last week are now fail during dependency resolution. we having not change our code at all.,"Build failures caused by dependency resolution. Check the documentation for common causes and resolution steps. Specifically, pin your dependencies with exact versions and commit the lock file. Unpinned dependencies are the cause in the large majority of cases of this kind.","DOC-DEPLOY-003, DOC-DEPLOY-003","[DOC-DEPLOY-003] Build failures caused by dependency resolution:
# Build failures caused by dependency resolution

**Applies to:** Build Service

## Symptoms

- Builds that previously succeeded now fail without code changes
- The build works locally but fails in the pipeline
- Dependency resolution takes far longer than usual

## Common causes

- An unpinned dependency released a new incompatible version
- The build environment uses a different language runtime than the local machine
- The dependency cache holds a partially written artefact

## Resolution

1. Pin your dependencies with exact versions and commit the lock file. Unpinned dependencies are the cause in the large majority of cases of this kind.
2. Compare the runtime version declared in your build configuration against the version you use locally.
3. Clear the build cache from the settings page and trigger a fresh build to rule out a corrupted artefact.
4. If a specific dependency is failing to resolve, check whether its registry is reachable from the build network.

## Notes

Build logs retain the full resolution output for thirty days, which is usually enough to identify which version changed.

---

[DOC-DEPLOY-003] Build failures caused by dependency resolution:
# Build failures caused by dependency resolution

**Applies to:** Build Service

## Symptoms

- Builds that previously succeeded now fail without code changes
- The build works locally but fails in the pipeline
- Dependency resolution takes far longer than usual

## Common causes

- An unpinned dependency released a new incompatible version
- The build environment uses a different language runtime than the local machine
- The dependency cache holds a partially written artefact

## Resolution

1. Pin your dependencies with exact versions and commit the lock file. Unpinned dependencies are the cause in the large majority of cases of this kind.
2. Compare the runtime version declared in your build configuration against the version you use locally.
3. Clear the build cache from the settings page and trigger a fresh build to rule out a corrupted artefact.
4. If a specific dependency is failing to resolve, check whether its registry is reachable from the build network.

## Notes

Build logs retain the full resolution output for thirty days, which is usually enough to identify which version changed.",Y,Y,Response provided from Citations only,Y,Y,Response provided from Citations only,Y
VAL-0031,email,Bad release in production,We shipped a release yesterday morning that has broken checkout for a portion of our customers. We need to get back to the previous version quickly. What is the fastest safe route?,"To roll back the release, open the revisions page for the service and identify the last revision that was healthy. Select roll back on that revision. Traffic moves within roughly thirty seconds and no rebuild takes place. If the release included a database migration, roll the migration back before the service, or the older code will encounter a schema it does not expect.","DOC-DEPLOY-002, DOC-DEPLOY-002","[DOC-DEPLOY-002] Rolling back a failed release:
# Rolling back a failed release

**Applies to:** Container Service, Functions

## Symptoms

- A release has introduced errors and must be reverted
- The previous revision is needed while a fix is prepared

## Common causes

- A defect reached production that testing did not catch
- A configuration change had unintended effects

## Resolution

1. Open the revisions page for the service and identify the last revision that was healthy.
2. Select roll back on that revision. Traffic moves within roughly thirty seconds and no rebuild takes place.
3. If the release included a database migration, roll the migration back before the service, or the older code will encounter a schema it does not expect.
4. Record the incident and the reason for the rollback before deploying a fix, while the detail is still fresh.

## Notes

Rollback restores the container image and its configuration together. It does not restore data.

---

[DOC-DEPLOY-002] Rolling back a failed release:
# Rolling back a failed release

**Applies to:** Container Service, Functions

## Symptoms

- A release has introduced errors and must be reverted
- The previous revision is needed while a fix is prepared

## Common causes

- A defect reached production that testing did not catch
- A configuration change had unintended effects

## Resolution

1. Open the revisions page for the service and identify the last revision that was healthy.
2. Select roll back on that revision. Traffic moves within roughly thirty seconds and no rebuild takes place.
3. If the release included a database migration, roll the migration back before the service, or the older code will encounter a schema it does not expect.
4. Record the incident and the reason for the rollback before deploying a fix, while the detail is still fresh.

## Notes

Rollback restores the container image and its configuration together. It does not restore data.",Y,Y,Response provided from Citations only,Y,Y,Response provided from Citations only,Y
VAL-0032,chat,,It would be very useful to set spend caps per project rather than only for the whole organisation. At the moment one team's overspend affects everyone.,"Unfortunately, spend caps apply per organisation and cannot currently be set per project. You can check the current period usage against the plan allowance on the billing page to monitor your organisation's spend. If a cap has stopped a production service, an account owner can raise it immediately from the billing page and service resumes within a minute.","DOC-BILL-003, DOC-BILL-003, DOC-BILL-003","[DOC-BILL-003] Usage limits, overage and spend controls:
# Usage limits, overage and spend controls

**Applies to:** All plans

## Symptoms

- Service was throttled after a traffic increase
- Overage charges appeared unexpectedly
- A spend cap stopped a production workload

## Common causes

- Plan allowance was consumed before the end of the period
- A spend cap was configured and reached
- Overage protection is disabled, so usage continued beyond the allowance

## Resolution

1. Check the current period usage against the plan allowance on the billing page.
2. Decide deliberately between a hard spend cap, which stops the service, and overage, which continues at the listed rate. Production workloads generally need the second.
3. Configure alerts at fifty, eighty and ninety-five per cent of allowance rather than relying on the cap as a warning.
4. Where a cap has stopped a production service, an account owner can raise it immediately from the billing page and service resumes within a minute.

## Notes

Spend caps apply per organisation and cannot currently be set per project.

---

[DOC-BILL-003] Usage limits, overage and spend controls:
# Usage limits, overage and spend controls

**Applies to:** All plans

## Symptoms

- Service was throttled after a traffic increase
- Overage charges appeared unexpectedly
- A spend cap stopped a production workload

## Common causes

- Plan allowance was consumed before the end of the period
- A spend cap was configured and reached
- Overage protection is disabled, so usage continued beyond the allowance

## Resolution

1. Check the current period usage against the plan allowance on the billing page.
2. Decide deliberately between a hard spend cap, which stops the service, and overage, which continues at the listed rate. Production workloads generally need the second.
3. Configure alerts at fifty, eighty and ninety-five per cent of allowance rather than relying on the cap as a warning.
4. Where a cap has stopped a production service, an account owner can raise it immediately from the billing page and service resumes within a minute.

## Notes

Spend caps apply per organisation and cannot currently be set per project.

---

[DOC-BILL-003] Usage limits, overage and spend controls:
# Usage limits, overage and spend controls

**Applies to:** All plans

## Symptoms

- Service was throttled after a traffic increase
- Overage charges appeared unexpectedly
- A spend cap stopped a production workload

## Common causes

- Plan allowance was consumed before the end of the period
- A spend cap was configured and reached
- Overage protection is disabled, so usage continued beyond the allowance

## Resolution

1. Check the current period usage against the plan allowance on the billing page.
2. Decide deliberately between a hard spend cap, which stops the service, and overage, which continues at the listed rate. Production workloads generally need the second.
3. Configure alerts at fifty, eighty and ninety-five per cent of allowance rather than relying on the cap as a warning.
4. Where a cap has stopped a production service, an account owner can raise it immediately from the billing page and service resumes within a minute.

## Notes

Spend caps apply per organisation and cannot currently be set per project.",Y,Y,Response provided from Citations only,Y,Y,Response provided from Citations only,Y
VAL-0033,forum,Duplicate webhook deliveries,"Signature verification fails for every delivery. We are computing the signature exactly as the documentation describes, over the parsed body.",Compute the signature over the raw request body before any parsing. Re-serialising JSON changes the bytes and invalidates the signature.,DOC-API-003,"[DOC-API-003] Webhook delivery, retries and signature verification:
# Webhook delivery, retries and signature verification

**Applies to:** All plans

## Symptoms

- Webhooks are not arriving at the configured endpoint
- The same event is delivered more than once
- Signature verification fails

## Common causes

- The endpoint returned a non-2xx status and delivery is being retried
- The endpoint responded too slowly and the delivery timed out
- The signature was computed over a parsed body rather than the raw bytes

## Resolution

1. Check the webhook delivery log, which records every attempt with the response status and body for the last seven days.
2. Return 2xx as quickly as possible and process the event asynchronously. Deliveries time out after five seconds.
3. Compute the signature over the raw request body before any parsing. Re-serialising JSON changes the bytes and invalidates the signature.
4. Make your handler idempotent using the event identifier. At-least-once delivery means duplicates are expected rather than exceptional.

## Notes

Failed deliveries are retried with backoff for twenty-four hours, after which the endpoint is disabled and the account is notified.",Y,Y,Response provided from Citations only,Y,Y,Response provided from Citations only,Y
VAL-0034,email,Need to roll back the latest release,How do I revert to an earlier revision? The release we put out this morning is causing errors and I would rather roll back than try to fix forward.,"To revert to an earlier revision, open the revisions page for the service and identify the last revision that was healthy. Select roll back on that revision. Traffic moves within roughly thirty seconds and no rebuild takes place.","DOC-DEPLOY-002, DOC-DEPLOY-002","[DOC-DEPLOY-002] Rolling back a failed release:
# Rolling back a failed release

**Applies to:** Container Service, Functions

## Symptoms

- A release has introduced errors and must be reverted
- The previous revision is needed while a fix is prepared

## Common causes

- A defect reached production that testing did not catch
- A configuration change had unintended effects

## Resolution

1. Open the revisions page for the service and identify the last revision that was healthy.
2. Select roll back on that revision. Traffic moves within roughly thirty seconds and no rebuild takes place.
3. If the release included a database migration, roll the migration back before the service, or the older code will encounter a schema it does not expect.
4. Record the incident and the reason for the rollback before deploying a fix, while the detail is still fresh.

## Notes

Rollback restores the container image and its configuration together. It does not restore data.

---

[DOC-DEPLOY-002] Rolling back a failed release:
# Rolling back a failed release

**Applies to:** Container Service, Functions

## Symptoms

- A release has introduced errors and must be reverted
- The previous revision is needed while a fix is prepared

## Common causes

- A defect reached production that testing did not catch
- A configuration change had unintended effects

## Resolution

1. Open the revisions page for the service and identify the last revision that was healthy.
2. Select roll back on that revision. Traffic moves within roughly thirty seconds and no rebuild takes place.
3. If the release included a database migration, roll the migration back before the service, or the older code will encounter a schema it does not expect.
4. Record the incident and the reason for the rollback before deploying a fix, while the detail is still fresh.

## Notes

Rollback restores the container image and its configuration together. It does not restore data.",Y,Y,Response provided from Citations only,Y,Y,Response provided from Citations only,Y
VAL-0036,forum,Getting started with first deployment,Could you point me at the right starting place? I have created an account but the console has more in it than I expected.,"To get started with your first deployment, create a project, then a service within it. Resources belong to services and services belong to projects. Connect a repository or push a container image. The build service detects common project layouts automatically. Set any environment variables the application needs before the first deployment rather than after it. Deploy, then watch the logs for the first sixty seconds. Most first-deployment problems are visible immediately in startup output.","DOC-ONB-001, DOC-ONB-001, DOC-ONB-001, DOC-ONB-001","[DOC-ONB-001] First deployment: a walkthrough:
# First deployment: a walkthrough

**Applies to:** All plans

## Symptoms

- A new user does not know where to begin
- The first deployment fails for unclear reasons

## Common causes

- Required configuration has not been set
- The project structure does not match what the build expects

## Resolution

1. Create a project, then a service within it. Resources belong to services and services belong to projects.
2. Connect a repository or push a container image. The build service detects common project layouts automatically.
3. Set any environment variables the application needs before the first deployment rather than after it.
4. Deploy, then watch the logs for the first sixty seconds. Most first-deployment problems are visible immediately in startup output.

## Notes

The free tier includes one service and is sufficient for evaluating the platform.

---

[DOC-ONB-001] First deployment: a walkthrough:
# First deployment: a walkthrough

**Applies to:** All plans

## Symptoms

- A new user does not know where to begin
- The first deployment fails for unclear reasons

## Common causes

- Required configuration has not been set
- The project structure does not match what the build expects

## Resolution

1. Create a project, then a service within it. Resources belong to services and services belong to projects.
2. Connect a repository or push a container image. The build service detects common project layouts automatically.
3. Set any environment variables the application needs before the first deployment rather than after it.
4. Deploy, then watch the logs for the first sixty seconds. Most first-deployment problems are visible immediately in startup output.

## Notes

The free tier includes one service and is sufficient for evaluating the platform.

---

[DOC-ONB-001] First deployment: a walkthrough:
# First deployment: a walkthrough

**Applies to:** All plans

## Symptoms

- A new user does not know where to begin
- The first deployment fails for unclear reasons

## Common causes

- Required configuration has not been set
- The project structure does not match what the build expects

## Resolution

1. Create a project, then a service within it. Resources belong to services and services belong to projects.
2. Connect a repository or push a container image. The build service detects common project layouts automatically.
3. Set any environment variables the application needs before the first deployment rather than after it.
4. Deploy, then watch the logs for the first sixty seconds. Most first-deployment problems are visible immediately in startup output.

## Notes

The free tier includes one service and is sufficient for evaluating the platform.

---

[DOC-ONB-001] First deployment: a walkthrough:
# First deployment: a walkthrough

**Applies to:** All plans

## Symptoms

- A new user does not know where to begin
- The first deployment fails for unclear reasons

## Common causes

- Required configuration has not been set
- The project structure does not match what the build expects

## Resolution

1. Create a project, then a service within it. Resources belong to services and services belong to projects.
2. Connect a repository or push a container image. The build service detects common project layouts automatically.
3. Set any environment variables the application needs before the first deployment rather than after it.
4. Deploy, then watch the logs for the first sixty seconds. Most first-deployment problems are visible immediately in startup output.

## Notes

The free tier includes one service and is sufficient for evaluating the platform.",Y,Y,Response provided from Citations only,Y,Y,Response provided from Citations only,Y
VAL-0037,email,Question about backup regions,Are backups replicated outside our primary region? A compliance review has raised this and I need a definite answer.,"Backups are replicated to a second region by default, but you can review the backup replication setting to ensure compliance with your single-region requirement.","DOC-DATA-003, DOC-DATA-003","[DOC-DATA-003] Data residency and regional storage:
# Data residency and regional storage

**Applies to:** Business and Enterprise plans

## Symptoms

- A customer requires data to remain in a specific region
- Latency is high for users far from the primary region
- A compliance review has asked where data is held

## Common causes

- The organisation was created in a region that no longer suits the requirement
- Read traffic is being served from the primary region only
- Backups are replicated to a second region by default

## Resolution

1. Check the region shown on the organisation settings page. This is fixed at creation and determines where primary data is stored.
2. Enable read replicas in additional regions to reduce latency for distant users without moving primary storage.
3. Review the backup replication setting if a single-region requirement applies, since cross-region replication is enabled by default.
4. Migrating an organisation between regions requires a planned migration with support and involves a maintenance window.

## Notes

Metadata such as account names and billing records is stored centrally regardless of the data region.

---

[DOC-DATA-003] Data residency and regional storage:
# Data residency and regional storage

**Applies to:** Business and Enterprise plans

## Symptoms

- A customer requires data to remain in a specific region
- Latency is high for users far from the primary region
- A compliance review has asked where data is held

## Common causes

- The organisation was created in a region that no longer suits the requirement
- Read traffic is being served from the primary region only
- Backups are replicated to a second region by default

## Resolution

1. Check the region shown on the organisation settings page. This is fixed at creation and determines where primary data is stored.
2. Enable read replicas in additional regions to reduce latency for distant users without moving primary storage.
3. Review the backup replication setting if a single-region requirement applies, since cross-region replication is enabled by default.
4. Migrating an organisation between regions requires a planned migration with support and involves a maintenance window.

## Notes

Metadata such as account names and billing records is stored centrally regardless of the data region.",Y,Y,Response provided from Citations only,Y,Y,Response provided from Citations only,Y
VAL-0038,forum,p95 latency is very high,Our response times have roughly doubled since two days ago with no deployment on our side. The median looks acceptable but the 95th percentile is far worse than it was.,Compare median and 95th percentile latency on the metrics page. A large gap points to contention or queueing rather than a uniformly slower service.,DOC-PERF-001,"[DOC-PERF-001] Diagnosing elevated response latency:
# Diagnosing elevated response latency

**Applies to:** All compute services

## Symptoms

- Response times have increased without a code change
- The 95th percentile is far above the median
- Latency rises at predictable times of day

## Common causes

- The service is running close to its memory limit and spending time in garbage collection
- A downstream dependency has slowed and the delay is propagating
- Instance count is not scaling with the load pattern

## Resolution

1. Compare median and 95th percentile latency on the metrics page. A large gap points to contention or queueing rather than a uniformly slower service.
2. Check memory utilisation across instances. Sustained utilisation above eighty per cent typically shows up as latency before it shows up as failure.
3. Review the dependency timing breakdown on the trace view to identify whether the time is being spent in your service or waiting on another.
4. Adjust the autoscaling policy if load is predictable. Scaling on request count responds sooner than scaling on processor utilisation.

## Notes

Cold starts affect the first request to a new instance. Frequent scaling events will therefore raise the 95th percentile even when the service itself is healthy.",Y,Y,Response provided from Citations only,Y,Y,Response provided from Citations only,Y
VAL-0039,forum,API key returning 401,One of our engineers pushed a key to a public repository by mistake. We need to replace it without taking the service down. What is the correct order of operations?,"To rotate the API key without downtime, create the replacement key first, deploy it, confirm traffic has moved, then revoke the old key. If a key has been exposed publicly, revoke it immediately rather than waiting for the rotation window.","DOC-AUTH-004, DOC-AUTH-004","[DOC-AUTH-004] API key rotation and scope management:
# API key rotation and scope management

**Applies to:** All plans

## Symptoms

- A previously working key returns 401 Unauthorized
- A key works for some endpoints and not others
- A key needs replacing after accidental exposure

## Common causes

- The key was revoked or reached its configured expiry
- The key was issued with a scope that excludes the endpoint being called
- The key belongs to a deleted user and was removed with the account

## Resolution

1. Check the API keys page for the key's status and expiry. Revoked and expired keys are listed with the date and the user who acted.
2. Review the scopes attached to the key. Read-only keys cannot write, and project-scoped keys cannot reach organisation endpoints.
3. To rotate without downtime, create the replacement key first, deploy it, confirm traffic has moved, then revoke the old key.
4. If a key has been exposed publicly, revoke it immediately rather than waiting for the rotation window.

## Notes

Keys issued to individual users are removed when that user is deleted. Use service accounts for anything running in production.

---

[DOC-AUTH-004] API key rotation and scope management:
# API key rotation and scope management

**Applies to:** All plans

## Symptoms

- A previously working key returns 401 Unauthorized
- A key works for some endpoints and not others
- A key needs replacing after accidental exposure

## Common causes

- The key was revoked or reached its configured expiry
- The key was issued with a scope that excludes the endpoint being called
- The key belongs to a deleted user and was removed with the account

## Resolution

1. Check the API keys page for the key's status and expiry. Revoked and expired keys are listed with the date and the user who acted.
2. Review the scopes attached to the key. Read-only keys cannot write, and project-scoped keys cannot reach organisation endpoints.
3. To rotate without downtime, create the replacement key first, deploy it, confirm traffic has moved, then revoke the old key.
4. If a key has been exposed publicly, revoke it immediately rather than waiting for the rotation window.

## Notes

Keys issued to individual users are removed when that user is deleted. Use service accounts for anything running in production.",Y,Y,Response provided from Citations only,Y,Y,Response provided from Citations only,Y
VAL-0040,email,Question about this month's charges,There are charges on our invoice for a service I do not believe we use. Could you explain what these relate to?,"According to the documentation, charges appear for a service that is not in use can be due to usage-based charges accrued beyond the plan allowance. You can check the usage breakdown for the period to itemise charges by service and by environment. The billing period runs from the anniversary of the subscription date.","DOC-BILL-001, DOC-BILL-001, DOC-BILL-001","[DOC-BILL-001] Understanding your invoice and usage breakdown:
# Understanding your invoice and usage breakdown

**Applies to:** All plans

## Symptoms

- The invoice is higher than expected
- Charges appear for a service that is not in use
- The billing period does not align with the calendar month

## Common causes

- Usage-based charges accrued beyond the plan allowance
- A resource was left running in a non-production environment
- The billing period runs from the subscription date rather than the first of the month

## Resolution

1. Open the usage breakdown for the period, which itemises charges by service and by environment.
2. Look for resources in staging or development environments, which are billed at the same rate as production.
3. Check the billing period dates at the top of the invoice. The period runs from the anniversary of the subscription date.
4. Set a usage alert on the billing page so that unexpected accrual is noticed during the period rather than at the end of it.

## Notes

Invoices are finalised three days after the period ends. Adjustments requested before finalisation appear on the same invoice.

---

[DOC-BILL-001] Understanding your invoice and usage breakdown:
# Understanding your invoice and usage breakdown

**Applies to:** All plans

## Symptoms

- The invoice is higher than expected
- Charges appear for a service that is not in use
- The billing period does not align with the calendar month

## Common causes

- Usage-based charges accrued beyond the plan allowance
- A resource was left running in a non-production environment
- The billing period runs from the subscription date rather than the first of the month

## Resolution

1. Open the usage breakdown for the period, which itemises charges by service and by environment.
2. Look for resources in staging or development environments, which are billed at the same rate as production.
3. Check the billing period dates at the top of the invoice. The period runs from the anniversary of the subscription date.
4. Set a usage alert on the billing page so that unexpected accrual is noticed during the period rather than at the end of it.

## Notes

Invoices are finalised three days after the period ends. Adjustments requested before finalisation appear on the same invoice.

---

[DOC-BILL-001] Understanding your invoice and usage breakdown:
# Understanding your invoice and usage breakdown

**Applies to:** All plans

## Symptoms

- The invoice is higher than expected
- Charges appear for a service that is not in use
- The billing period does not align with the calendar month

## Common causes

- Usage-based charges accrued beyond the plan allowance
- A resource was left running in a non-production environment
- The billing period runs from the subscription date rather than the first of the month

## Resolution

1. Open the usage breakdown for the period, which itemises charges by service and by environment.
2. Look for resources in staging or development environments, which are billed at the same rate as production.
3. Check the billing period dates at the top of the invoice. The period runs from the anniversary of the subscription date.
4. Set a usage alert on the billing page so that unexpected accrual is noticed during the period rather than at the end of it.

## Notes

Invoices are finalised three days after the period ends. Adjustments requested before finalisation appear on the same invoice.",Y,Y,Response provided from Citations only,Y,Y,Response provided from Citations only,Y
VAL-0041,email,Question about this month's charges,There are charges on our invoice for a service I do not believe we use. Could you explain what these relate to?,"According to the documentation, charges appear for a service that is not in use can be due to usage-based charges accrued beyond the plan allowance. You can check the usage breakdown for the period to itemise charges by service and by environment. The billing period runs from the anniversary of the subscription date.","DOC-BILL-001, DOC-BILL-001, DOC-BILL-001","[DOC-BILL-001] Understanding your invoice and usage breakdown:
# Understanding your invoice and usage breakdown

**Applies to:** All plans

## Symptoms

- The invoice is higher than expected
- Charges appear for a service that is not in use
- The billing period does not align with the calendar month

## Common causes

- Usage-based charges accrued beyond the plan allowance
- A resource was left running in a non-production environment
- The billing period runs from the subscription date rather than the first of the month

## Resolution

1. Open the usage breakdown for the period, which itemises charges by service and by environment.
2. Look for resources in staging or development environments, which are billed at the same rate as production.
3. Check the billing period dates at the top of the invoice. The period runs from the anniversary of the subscription date.
4. Set a usage alert on the billing page so that unexpected accrual is noticed during the period rather than at the end of it.

## Notes

Invoices are finalised three days after the period ends. Adjustments requested before finalisation appear on the same invoice.

---

[DOC-BILL-001] Understanding your invoice and usage breakdown:
# Understanding your invoice and usage breakdown

**Applies to:** All plans

## Symptoms

- The invoice is higher than expected
- Charges appear for a service that is not in use
- The billing period does not align with the calendar month

## Common causes

- Usage-based charges accrued beyond the plan allowance
- A resource was left running in a non-production environment
- The billing period runs from the subscription date rather than the first of the month

## Resolution

1. Open the usage breakdown for the period, which itemises charges by service and by environment.
2. Look for resources in staging or development environments, which are billed at the same rate as production.
3. Check the billing period dates at the top of the invoice. The period runs from the anniversary of the subscription date.
4. Set a usage alert on the billing page so that unexpected accrual is noticed during the period rather than at the end of it.

## Notes

Invoices are finalised three days after the period ends. Adjustments requested before finalisation appear on the same invoice.

---

[DOC-BILL-001] Understanding your invoice and usage breakdown:
# Understanding your invoice and usage breakdown

**Applies to:** All plans

## Symptoms

- The invoice is higher than expected
- Charges appear for a service that is not in use
- The billing period does not align with the calendar month

## Common causes

- Usage-based charges accrued beyond the plan allowance
- A resource was left running in a non-production environment
- The billing period runs from the subscription date rather than the first of the month

## Resolution

1. Open the usage breakdown for the period, which itemises charges by service and by environment.
2. Look for resources in staging or development environments, which are billed at the same rate as production.
3. Check the billing period dates at the top of the invoice. The period runs from the anniversary of the subscription date.
4. Set a usage alert on the billing page so that unexpected accrual is noticed during the period rather than at the end of it.

## Notes

Invoices are finalised three days after the period ends. Adjustments requested before finalisation appear on the same invoice.",Y,Y,Response provided from Citations only,Y,Y,Response provided from Citations only,Y
VAL-0042,chat,,Our staging environment is picking up production configuration values. I cannot work out where the override is coming from.,"Check the scope at which the variable was defined. Service scope overrides project scope, and project scope overrides organisation defaults. Review the environment overrides page, which lists values that differ from the defaults for each environment.","DOC-DEPLOY-004, DOC-DEPLOY-004","[DOC-DEPLOY-004] Configuring environment variables and secrets:
# Configuring environment variables and secrets

**Applies to:** All compute services

## Symptoms

- The application cannot read a variable that appears to be set
- A secret value appears in plain text in the logs
- Configuration differs between environments unexpectedly

## Common causes

- The variable was set at project scope but read at service scope
- The application logs its configuration at startup
- An environment override exists that is not visible on the main settings page

## Resolution

1. Check the scope at which the variable was defined. Service scope overrides project scope, and project scope overrides organisation defaults.
2. Store anything sensitive as a secret rather than a variable. Secrets are masked in logs and are not readable through the API after creation.
3. Review the environment overrides page, which lists values that differ from the defaults for each environment.
4. Redeploy after changing configuration. Running containers do not pick up new values without a restart.

## Notes

A secret that has been printed to logs should be treated as exposed and rotated, even if the logs are private.

---

[DOC-DEPLOY-004] Configuring environment variables and secrets:
# Configuring environment variables and secrets

**Applies to:** All compute services

## Symptoms

- The application cannot read a variable that appears to be set
- A secret value appears in plain text in the logs
- Configuration differs between environments unexpectedly

## Common causes

- The variable was set at project scope but read at service scope
- The application logs its configuration at startup
- An environment override exists that is not visible on the main settings page

## Resolution

1. Check the scope at which the variable was defined. Service scope overrides project scope, and project scope overrides organisation defaults.
2. Store anything sensitive as a secret rather than a variable. Secrets are masked in logs and are not readable through the API after creation.
3. Review the environment overrides page, which lists values that differ from the defaults for each environment.
4. Redeploy after changing configuration. Running containers do not pick up new values without a restart.

## Notes

A secret that has been printed to logs should be treated as exposed and rotated, even if the logs are private.",Y,Y,Response provided from Citations only,Y,Y,Response provided from Citations only,Y
VAL-0043,forum,Suspicious activity in audit log,One of our engineers believes their credentials may have been exposed in a breach at another service. What should we be doing right now?,"Revoke all API keys for the affected account immediately. Force a password reset and terminate active sessions for the affected users from the team members page. Review the audit log for the period in question, filtering by the affected user, and record anything unexpected before it ages out. Enable multi-factor authentication for all users if it is not already mandatory for the organisation.","DOC-SEC-001, DOC-SEC-001","[DOC-SEC-001] Responding to a suspected account compromise:
# Responding to a suspected account compromise

**Applies to:** All plans

## Symptoms

- Unrecognised activity appears in the audit log
- A user reports credentials may have been exposed
- Resources were created that nobody claims

## Common causes

- Credentials were reused from a service that suffered a breach
- An API key was committed to a public repository
- A former team member retained access after leaving

## Resolution

1. Revoke all API keys for the affected account immediately. This is disruptive and it is the correct first action.
2. Force a password reset and terminate active sessions for the affected users from the team members page.
3. Review the audit log for the period in question, filtering by the affected user, and record anything unexpected before it ages out.
4. Enable multi-factor authentication for all users if it is not already mandatory for the organisation.

## Notes

Audit logs are retained for ninety days on Business plans and one year on Enterprise. Export them promptly during an investigation.

---

[DOC-SEC-001] Responding to a suspected account compromise:
# Responding to a suspected account compromise

**Applies to:** All plans

## Symptoms

- Unrecognised activity appears in the audit log
- A user reports credentials may have been exposed
- Resources were created that nobody claims

## Common causes

- Credentials were reused from a service that suffered a breach
- An API key was committed to a public repository
- A former team member retained access after leaving

## Resolution

1. Revoke all API keys for the affected account immediately. This is disruptive and it is the correct first action.
2. Force a password reset and terminate active sessions for the affected users from the team members page.
3. Review the audit log for the period in question, filtering by the affected user, and record anything unexpected before it ages out.
4. Enable multi-factor authentication for all users if it is not already mandatory for the organisation.

## Notes

Audit logs are retained for ninety days on Business plans and one year on Enterprise. Export them promptly during an investigation.",Y,Y,Response provided from Citations only,Y,Y,Response provided from Citations only,Y
VAL-0044,chat,,There are charges on our invoice for a service I do not believe we use. Could you explain what these relate to?,"The charges on your invoice for a service you do not believe you use are likely due to usage-based charges accrued beyond your plan allowance. To check, open the usage breakdown for the period, which itemises charges by service and by environment. Look for resources in staging or development environments, which are billed at the same rate as production.","DOC-BILL-001, DOC-BILL-001","[DOC-BILL-001] Understanding your invoice and usage breakdown:
# Understanding your invoice and usage breakdown

**Applies to:** All plans

## Symptoms

- The invoice is higher than expected
- Charges appear for a service that is not in use
- The billing period does not align with the calendar month

## Common causes

- Usage-based charges accrued beyond the plan allowance
- A resource was left running in a non-production environment
- The billing period runs from the subscription date rather than the first of the month

## Resolution

1. Open the usage breakdown for the period, which itemises charges by service and by environment.
2. Look for resources in staging or development environments, which are billed at the same rate as production.
3. Check the billing period dates at the top of the invoice. The period runs from the anniversary of the subscription date.
4. Set a usage alert on the billing page so that unexpected accrual is noticed during the period rather than at the end of it.

## Notes

Invoices are finalised three days after the period ends. Adjustments requested before finalisation appear on the same invoice.

---

[DOC-BILL-001] Understanding your invoice and usage breakdown:
# Understanding your invoice and usage breakdown

**Applies to:** All plans

## Symptoms

- The invoice is higher than expected
- Charges appear for a service that is not in use
- The billing period does not align with the calendar month

## Common causes

- Usage-based charges accrued beyond the plan allowance
- A resource was left running in a non-production environment
- The billing period runs from the subscription date rather than the first of the month

## Resolution

1. Open the usage breakdown for the period, which itemises charges by service and by environment.
2. Look for resources in staging or development environments, which are billed at the same rate as production.
3. Check the billing period dates at the top of the invoice. The period runs from the anniversary of the subscription date.
4. Set a usage alert on the billing page so that unexpected accrual is noticed during the period rather than at the end of it.

## Notes

Invoices are finalised three days after the period ends. Adjustments requested before finalisation appear on the same invoice.",Y,Y,Response provided from Citations only,Y,Y,Response provided from Citations only,Y
VAL-0045,email,Export missing recent records,I started an export over the weekend and it is still showing as queued. It covers about two million records. Should I cancel and try again?,Check the exports page for job status. Jobs covering more than a million records commonly take several minutes.,DOC-DATA-001,"[DOC-DATA-001] Exporting account data and scheduled extracts:
# Exporting account data and scheduled extracts

**Applies to:** All plans

## Symptoms

- An export has not completed
- The download link has expired
- The export is missing recent records

## Common causes

- Large exports are queued and processed asynchronously
- Download links are valid for twenty-four hours
- The export captured a snapshot taken when the job started

## Resolution

1. Check the exports page for job status. Jobs covering more than a million records commonly take several minutes.
2. Request a fresh link from the exports page if the original has expired. The underlying file is retained for seven days.
3. Note that the export reflects the moment the job began, so records created during processing are not included.
4. For recurring needs, configure a scheduled export delivered to object storage rather than generating them manually.

## Notes

Exports containing personal data are logged in the audit trail with the requesting user and the fields included.",Y,Y,Response provided from Citations only,Y,Y,Response provided from Citations only,Y
VAL-0046,email,How do I page through large results,when i do pagination some record coming two time and some missing. what is correct way?,"To page through large results correctly, use cursor pagination and pass the next_cursor value from each response as the cursor parameter of the following request, and stop when it is null. Also, keep page size at or below two hundred.","DOC-API-002, DOC-API-002, DOC-API-002","[DOC-API-002] Pagination and handling large result sets:
# Pagination and handling large result sets

**Applies to:** All plans

## Symptoms

- Only the first page of results is returned
- Iterating through results misses or duplicates records
- Large queries time out

## Common causes

- The cursor from the previous response was not passed to the next request
- Offset pagination was used against a changing collection
- The page size requested exceeds the maximum

## Resolution

1. Use cursor pagination for anything that may change while you iterate. Offset pagination will skip or repeat records when items are inserted mid-iteration.
2. Pass the next_cursor value from each response as the cursor parameter of the following request, and stop when it is null.
3. Keep page size at or below two hundred. Larger requests are rejected rather than truncated.
4. For very large extracts, use the export endpoint, which runs asynchronously and returns a download link.

## Notes

Cursors expire after one hour. Long-running iterations should handle expiry by restarting from a recorded checkpoint.

---

[DOC-API-002] Pagination and handling large result sets:
# Pagination and handling large result sets

**Applies to:** All plans

## Symptoms

- Only the first page of results is returned
- Iterating through results misses or duplicates records
- Large queries time out

## Common causes

- The cursor from the previous response was not passed to the next request
- Offset pagination was used against a changing collection
- The page size requested exceeds the maximum

## Resolution

1. Use cursor pagination for anything that may change while you iterate. Offset pagination will skip or repeat records when items are inserted mid-iteration.
2. Pass the next_cursor value from each response as the cursor parameter of the following request, and stop when it is null.
3. Keep page size at or below two hundred. Larger requests are rejected rather than truncated.
4. For very large extracts, use the export endpoint, which runs asynchronously and returns a download link.

## Notes

Cursors expire after one hour. Long-running iterations should handle expiry by restarting from a recorded checkpoint.

---

[DOC-API-002] Pagination and handling large result sets:
# Pagination and handling large result sets

**Applies to:** All plans

## Symptoms

- Only the first page of results is returned
- Iterating through results misses or duplicates records
- Large queries time out

## Common causes

- The cursor from the previous response was not passed to the next request
- Offset pagination was used against a changing collection
- The page size requested exceeds the maximum

## Resolution

1. Use cursor pagination for anything that may change while you iterate. Offset pagination will skip or repeat records when items are inserted mid-iteration.
2. Pass the next_cursor value from each response as the cursor parameter of the following request, and stop when it is null.
3. Keep page size at or below two hundred. Larger requests are rejected rather than truncated.
4. For very large extracts, use the export endpoint, which runs asynchronously and returns a download link.

## Notes

Cursors expire after one hour. Long-running iterations should handle expiry by restarting from a recorded checkpoint.",Y,Y,Response provided from Citations only,Y,Y,Response provided from Citations only,Y
VAL-0047,chat,,Are the search endpoints limited differently from the rest? Our read traffic is fine but search is being rejected constantly.,"According to the documentation, search endpoints are limited more tightly than reads. You can confirm this by checking the rate limit headers returned with every response, which give the limit, the remaining allowance and the reset time. Additionally, you can search and export endpoints to see if they have specific limits.","DOC-API-001, DOC-API-001","[DOC-API-001] Understanding API rate limits and quota tiers:
# Understanding API rate limits and quota tiers

**Applies to:** All plans

## Symptoms

- Requests return 429 Too Many Requests
- Throughput drops sharply at a predictable point
- Limits appear lower than the documented figure

## Common causes

- The limit applies per organisation rather than per key
- Burst capacity was consumed and the sustained rate now applies
- The endpoint being called has a lower limit than the general one

## Resolution

1. Read the rate limit headers returned with every response. They give the limit, the remaining allowance and the reset time, which is more reliable than inferring the limit from behaviour.
2. Confirm whether the endpoint has a specific limit. Search and export endpoints are more expensive and are limited more tightly than reads.
3. Implement exponential backoff with jitter on 429 responses rather than retrying immediately, which prolongs the throttling.
4. Where sustained higher throughput is genuinely required, the limit can be raised on Business and Enterprise plans through an account request.

## Notes

Limits are enforced per organisation. Issuing more keys does not increase the available quota.

---

[DOC-API-001] Understanding API rate limits and quota tiers:
# Understanding API rate limits and quota tiers

**Applies to:** All plans

## Symptoms

- Requests return 429 Too Many Requests
- Throughput drops sharply at a predictable point
- Limits appear lower than the documented figure

## Common causes

- The limit applies per organisation rather than per key
- Burst capacity was consumed and the sustained rate now applies
- The endpoint being called has a lower limit than the general one

## Resolution

1. Read the rate limit headers returned with every response. They give the limit, the remaining allowance and the reset time, which is more reliable than inferring the limit from behaviour.
2. Confirm whether the endpoint has a specific limit. Search and export endpoints are more expensive and are limited more tightly than reads.
3. Implement exponential backoff with jitter on 429 responses rather than retrying immediately, which prolongs the throttling.
4. Where sustained higher throughput is genuinely required, the limit can be raised on Business and Enterprise plans through an account request.

## Notes

Limits are enforced per organisation. Issuing more keys does not increase the available quota.",Y,Y,Response provided from Citations only,Y,Y,Response provided from Citations only,Y
VAL-0048,chat,,one of our engineers believes their credentials may have been exposed in breach at another service. What should we be doing right now? please tell what to do.,"Revoke the exposed credential first. Removing it from the repository does not help, because it remains in the history.",DOC-SEC-002,"[DOC-SEC-002] Handling exposed secrets and credential rotation:
# Handling exposed secrets and credential rotation

**Applies to:** All plans

## Symptoms

- A key has been committed to a repository
- A secret appears in application logs
- A third party has reported finding a credential

## Common causes

- Configuration was committed rather than referenced from the environment
- The application prints its configuration during startup
- A key was shared in a support ticket or a chat message

## Resolution

1. Revoke the exposed credential first. Removing it from the repository does not help, because it remains in the history.
2. Issue a replacement with the narrowest scope that still works, rather than recreating the original permissions by default.
3. Search the audit log for use of the exposed credential from unfamiliar addresses during the exposure window.
4. Add secret scanning to your pipeline so that the next occurrence is caught before it reaches a remote branch.

## Notes

Never send a live credential to support. Support will never ask for one, and any credential shared in a ticket must be treated as exposed.",Y,Y,Response provided from Citations only,Y,Y,Response provided from Citations only,Y
VAL-0049,email,Need to rotate an exposed key,key can read fine but every write returns permission error. I created it myself and I thought I gave it full access. please help fast.,"Check the API keys page for the key's status and expiry. Review the scopes attached to the key. If a key has been exposed publicly, revoke it immediately rather than waiting for the rotation window.","DOC-AUTH-004, DOC-AUTH-004, DOC-AUTH-004","[DOC-AUTH-004] API key rotation and scope management:
# API key rotation and scope management

**Applies to:** All plans

## Symptoms

- A previously working key returns 401 Unauthorized
- A key works for some endpoints and not others
- A key needs replacing after accidental exposure

## Common causes

- The key was revoked or reached its configured expiry
- The key was issued with a scope that excludes the endpoint being called
- The key belongs to a deleted user and was removed with the account

## Resolution

1. Check the API keys page for the key's status and expiry. Revoked and expired keys are listed with the date and the user who acted.
2. Review the scopes attached to the key. Read-only keys cannot write, and project-scoped keys cannot reach organisation endpoints.
3. To rotate without downtime, create the replacement key first, deploy it, confirm traffic has moved, then revoke the old key.
4. If a key has been exposed publicly, revoke it immediately rather than waiting for the rotation window.

## Notes

Keys issued to individual users are removed when that user is deleted. Use service accounts for anything running in production.

---

[DOC-AUTH-004] API key rotation and scope management:
# API key rotation and scope management

**Applies to:** All plans

## Symptoms

- A previously working key returns 401 Unauthorized
- A key works for some endpoints and not others
- A key needs replacing after accidental exposure

## Common causes

- The key was revoked or reached its configured expiry
- The key was issued with a scope that excludes the endpoint being called
- The key belongs to a deleted user and was removed with the account

## Resolution

1. Check the API keys page for the key's status and expiry. Revoked and expired keys are listed with the date and the user who acted.
2. Review the scopes attached to the key. Read-only keys cannot write, and project-scoped keys cannot reach organisation endpoints.
3. To rotate without downtime, create the replacement key first, deploy it, confirm traffic has moved, then revoke the old key.
4. If a key has been exposed publicly, revoke it immediately rather than waiting for the rotation window.

## Notes

Keys issued to individual users are removed when that user is deleted. Use service accounts for anything running in production.

---

[DOC-AUTH-004] API key rotation and scope management:
# API key rotation and scope management

**Applies to:** All plans

## Symptoms

- A previously working key returns 401 Unauthorized
- A key works for some endpoints and not others
- A key needs replacing after accidental exposure

## Common causes

- The key was revoked or reached its configured expiry
- The key was issued with a scope that excludes the endpoint being called
- The key belongs to a deleted user and was removed with the account

## Resolution

1. Check the API keys page for the key's status and expiry. Revoked and expired keys are listed with the date and the user who acted.
2. Review the scopes attached to the key. Read-only keys cannot write, and project-scoped keys cannot reach organisation endpoints.
3. To rotate without downtime, create the replacement key first, deploy it, confirm traffic has moved, then revoke the old key.
4. If a key has been exposed publicly, revoke it immediately rather than waiting for the rotation window.

## Notes

Keys issued to individual users are removed when that user is deleted. Use service accounts for anything running in production.",Y,Y,Response provided from Citations only,Y,Y,Response provided from Citations only,Y
VAL-0050,email,Getting started with first deployment,We have just signed up and I am not sure where to start. We have a containerised application and would like to get it deployed.,"To get started with your first deployment, create a project, then a service within it. Resources belong to services and services belong to projects. Connect a repository or push a container image. The build service detects common project layouts automatically. Set any environment variables the application needs before the first deployment rather than after it. Deploy, then watch the logs for the first sixty seconds. Most first-deployment problems are visible immediately in startup output.","DOC-ONB-001, DOC-ONB-001, DOC-ONB-001, DOC-ONB-001","[DOC-ONB-001] First deployment: a walkthrough:
# First deployment: a walkthrough

**Applies to:** All plans

## Symptoms

- A new user does not know where to begin
- The first deployment fails for unclear reasons

## Common causes

- Required configuration has not been set
- The project structure does not match what the build expects

## Resolution

1. Create a project, then a service within it. Resources belong to services and services belong to projects.
2. Connect a repository or push a container image. The build service detects common project layouts automatically.
3. Set any environment variables the application needs before the first deployment rather than after it.
4. Deploy, then watch the logs for the first sixty seconds. Most first-deployment problems are visible immediately in startup output.

## Notes

The free tier includes one service and is sufficient for evaluating the platform.

---

[DOC-ONB-001] First deployment: a walkthrough:
# First deployment: a walkthrough

**Applies to:** All plans

## Symptoms

- A new user does not know where to begin
- The first deployment fails for unclear reasons

## Common causes

- Required configuration has not been set
- The project structure does not match what the build expects

## Resolution

1. Create a project, then a service within it. Resources belong to services and services belong to projects.
2. Connect a repository or push a container image. The build service detects common project layouts automatically.
3. Set any environment variables the application needs before the first deployment rather than after it.
4. Deploy, then watch the logs for the first sixty seconds. Most first-deployment problems are visible immediately in startup output.

## Notes

The free tier includes one service and is sufficient for evaluating the platform.

---

[DOC-ONB-001] First deployment: a walkthrough:
# First deployment: a walkthrough

**Applies to:** All plans

## Symptoms

- A new user does not know where to begin
- The first deployment fails for unclear reasons

## Common causes

- Required configuration has not been set
- The project structure does not match what the build expects

## Resolution

1. Create a project, then a service within it. Resources belong to services and services belong to projects.
2. Connect a repository or push a container image. The build service detects common project layouts automatically.
3. Set any environment variables the application needs before the first deployment rather than after it.
4. Deploy, then watch the logs for the first sixty seconds. Most first-deployment problems are visible immediately in startup output.

## Notes

The free tier includes one service and is sufficient for evaluating the platform.

---

[DOC-ONB-001] First deployment: a walkthrough:
# First deployment: a walkthrough

**Applies to:** All plans

## Symptoms

- A new user does not know where to begin
- The first deployment fails for unclear reasons

## Common causes

- Required configuration has not been set
- The project structure does not match what the build expects

## Resolution

1. Create a project, then a service within it. Resources belong to services and services belong to projects.
2. Connect a repository or push a container image. The build service detects common project layouts automatically.
3. Set any environment variables the application needs before the first deployment rather than after it.
4. Deploy, then watch the logs for the first sixty seconds. Most first-deployment problems are visible immediately in startup output.

## Notes

The free tier includes one service and is sufficient for evaluating the platform.",Y,Y,Response provided from Citations only,Y,Y,Response provided from Citations only,Y
VAL-0051,forum,Log forwarding stopped working,log forwarding to our external system stop two days ago and not resumed by itself. destination is healthy as we know. kindly check and revert.,"Check the forwarding status page to see the last successful delivery and any error returned by the destination. Verify the destination credential separately if delivery has stopped entirely, as expired credentials are a common cause. Apply a level filter at source to prevent debug output from being forwarded, which may be the reason for the higher than expected volume.","DOC-INT-002, DOC-INT-002, DOC-INT-002","[DOC-INT-002] Third party monitoring and log forwarding:
# Third party monitoring and log forwarding

**Applies to:** Business and Enterprise plans

## Symptoms

- Logs are not arriving at the external destination
- Metrics are delayed compared with the console
- Forwarded volume is higher than expected

## Common causes

- The destination rejected the payload and forwarding paused
- Aggregation introduces a delay before metrics are forwarded
- Debug-level logs are being forwarded along with the rest

## Resolution

1. Check the forwarding status page, which shows the last successful delivery and any error returned by the destination.
2. Expect a delay of up to two minutes on metrics, since they are aggregated before being sent.
3. Apply a level filter at source so that debug output is not forwarded, which is usually the reason volume is higher than expected.
4. Verify the destination credential separately if delivery has stopped entirely, as expired credentials are the most common cause.

## Notes

Forwarding pauses after one hour of consecutive failures and must be resumed manually once the destination is healthy.

---

[DOC-INT-002] Third party monitoring and log forwarding:
# Third party monitoring and log forwarding

**Applies to:** Business and Enterprise plans

## Symptoms

- Logs are not arriving at the external destination
- Metrics are delayed compared with the console
- Forwarded volume is higher than expected

## Common causes

- The destination rejected the payload and forwarding paused
- Aggregation introduces a delay before metrics are forwarded
- Debug-level logs are being forwarded along with the rest

## Resolution

1. Check the forwarding status page, which shows the last successful delivery and any error returned by the destination.
2. Expect a delay of up to two minutes on metrics, since they are aggregated before being sent.
3. Apply a level filter at source so that debug output is not forwarded, which is usually the reason volume is higher than expected.
4. Verify the destination credential separately if delivery has stopped entirely, as expired credentials are the most common cause.

## Notes

Forwarding pauses after one hour of consecutive failures and must be resumed manually once the destination is healthy.

---

[DOC-INT-002] Third party monitoring and log forwarding:
# Third party monitoring and log forwarding

**Applies to:** Business and Enterprise plans

## Symptoms

- Logs are not arriving at the external destination
- Metrics are delayed compared with the console
- Forwarded volume is higher than expected

## Common causes

- The destination rejected the payload and forwarding paused
- Aggregation introduces a delay before metrics are forwarded
- Debug-level logs are being forwarded along with the rest

## Resolution

1. Check the forwarding status page, which shows the last successful delivery and any error returned by the destination.
2. Expect a delay of up to two minutes on metrics, since they are aggregated before being sent.
3. Apply a level filter at source so that debug output is not forwarded, which is usually the reason volume is higher than expected.
4. Verify the destination credential separately if delivery has stopped entirely, as expired credentials are the most common cause.

## Notes

Forwarding pauses after one hour of consecutive failures and must be resumed manually once the destination is healthy.",Y,Y,Response provided from Citations only,Y,Y,Response provided from Citations only,Y
VAL-0052,chat,,"Since late last night I cannot get into the console at all. My colleague on the same team signs in without any trouble, so it does not appear to be a general outage. Could you check whether something is wrong with my account specifically?","To troubleshoot the issue, please check the security page of the console to confirm whether your account is locked. If it is, it will display a red banner and will unlock automatically after thirty minutes. If not, try clearing cookies for the CloudServe domain or open a private browsing window and attempt the login again. If the issue persists, you can also try running `cloudserve auth logout` followed by `cloudserve auth login` to discard the cached token.","DOC-AUTH-001, DOC-AUTH-001, DOC-AUTH-001","[DOC-AUTH-001] Resolving invalid credential errors on login:
# Resolving invalid credential errors on login

**Applies to:** Console, CLI, SDK

## Symptoms

- The console returns 'Invalid credentials' despite a correct password
- Login succeeds in one browser but fails in another
- The CLI reports authentication failure after a working period

## Common causes

- The account is locked after five consecutive failed attempts
- A stale session cookie is being sent alongside new credentials
- The password was changed in another session and the client cached the old one

## Resolution

1. Confirm whether the account is locked by checking the security page of the console. A locked account displays a red banner and unlocks automatically after thirty minutes.
2. Clear cookies for the CloudServe domain, or open a private browsing window, then attempt the login again.
3. If the CLI is failing, run `cloudserve auth logout` followed by `cloudserve auth login` to discard the cached token.
4. Where the account remains locked and the customer needs immediate access, an administrator on the account can release the lock from the team members page.

## Notes

Repeated lockouts within a short period usually indicate an automated process still using an old password rather than a user error.

---

[DOC-AUTH-001] Resolving invalid credential errors on login:
# Resolving invalid credential errors on login

**Applies to:** Console, CLI, SDK

## Symptoms

- The console returns 'Invalid credentials' despite a correct password
- Login succeeds in one browser but fails in another
- The CLI reports authentication failure after a working period

## Common causes

- The account is locked after five consecutive failed attempts
- A stale session cookie is being sent alongside new credentials
- The password was changed in another session and the client cached the old one

## Resolution

1. Confirm whether the account is locked by checking the security page of the console. A locked account displays a red banner and unlocks automatically after thirty minutes.
2. Clear cookies for the CloudServe domain, or open a private browsing window, then attempt the login again.
3. If the CLI is failing, run `cloudserve auth logout` followed by `cloudserve auth login` to discard the cached token.
4. Where the account remains locked and the customer needs immediate access, an administrator on the account can release the lock from the team members page.

## Notes

Repeated lockouts within a short period usually indicate an automated process still using an old password rather than a user error.

---

[DOC-AUTH-001] Resolving invalid credential errors on login:
# Resolving invalid credential errors on login

**Applies to:** Console, CLI, SDK

## Symptoms

- The console returns 'Invalid credentials' despite a correct password
- Login succeeds in one browser but fails in another
- The CLI reports authentication failure after a working period

## Common causes

- The account is locked after five consecutive failed attempts
- A stale session cookie is being sent alongside new credentials
- The password was changed in another session and the client cached the old one

## Resolution

1. Confirm whether the account is locked by checking the security page of the console. A locked account displays a red banner and unlocks automatically after thirty minutes.
2. Clear cookies for the CloudServe domain, or open a private browsing window, then attempt the login again.
3. If the CLI is failing, run `cloudserve auth logout` followed by `cloudserve auth login` to discard the cached token.
4. Where the account remains locked and the customer needs immediate access, an administrator on the account can release the lock from the team members page.

## Notes

Repeated lockouts within a short period usually indicate an automated process still using an old password rather than a user error.",Y,Y,Response provided from Citations only,Y,Y,Response provided from Citations only,Y
VAL-0053,chat,,There are charges on our invoice for a service I do not believe we use. Could you explain what these relate to?,"The charges on your invoice for a service you do not believe you use are likely due to usage-based charges accrued beyond your plan allowance. To check, open the usage breakdown for the period, which itemises charges by service and by environment. Look for resources in staging or development environments, which are billed at the same rate as production.","DOC-BILL-001, DOC-BILL-001","[DOC-BILL-001] Understanding your invoice and usage breakdown:
# Understanding your invoice and usage breakdown

**Applies to:** All plans

## Symptoms

- The invoice is higher than expected
- Charges appear for a service that is not in use
- The billing period does not align with the calendar month

## Common causes

- Usage-based charges accrued beyond the plan allowance
- A resource was left running in a non-production environment
- The billing period runs from the subscription date rather than the first of the month

## Resolution

1. Open the usage breakdown for the period, which itemises charges by service and by environment.
2. Look for resources in staging or development environments, which are billed at the same rate as production.
3. Check the billing period dates at the top of the invoice. The period runs from the anniversary of the subscription date.
4. Set a usage alert on the billing page so that unexpected accrual is noticed during the period rather than at the end of it.

## Notes

Invoices are finalised three days after the period ends. Adjustments requested before finalisation appear on the same invoice.

---

[DOC-BILL-001] Understanding your invoice and usage breakdown:
# Understanding your invoice and usage breakdown

**Applies to:** All plans

## Symptoms

- The invoice is higher than expected
- Charges appear for a service that is not in use
- The billing period does not align with the calendar month

## Common causes

- Usage-based charges accrued beyond the plan allowance
- A resource was left running in a non-production environment
- The billing period runs from the subscription date rather than the first of the month

## Resolution

1. Open the usage breakdown for the period, which itemises charges by service and by environment.
2. Look for resources in staging or development environments, which are billed at the same rate as production.
3. Check the billing period dates at the top of the invoice. The period runs from the anniversary of the subscription date.
4. Set a usage alert on the billing page so that unexpected accrual is noticed during the period rather than at the end of it.

## Notes

Invoices are finalised three days after the period ends. Adjustments requested before finalisation appear on the same invoice.",Y,Y,Response provided from Citations only,Y,Y,Response provided from Citations only,Y
VAL-0054,email,Where is our data stored,One of our customers has asked for written confirmation of where their data is physically stored. Could you point me to something I can share with them?,"According to our documentation, data residency and regional storage are determined by the region where the organisation was created, which can be found on the organisation settings page. Additionally, read replicas can be enabled in additional regions to reduce latency for distant users, and backup replication settings can be reviewed to ensure compliance with single-region requirements. You can find more information on this in the Data residency and regional storage documentation.","DOC-DATA-003, DOC-DATA-003, DOC-DATA-003","[DOC-DATA-003] Data residency and regional storage:
# Data residency and regional storage

**Applies to:** Business and Enterprise plans

## Symptoms

- A customer requires data to remain in a specific region
- Latency is high for users far from the primary region
- A compliance review has asked where data is held

## Common causes

- The organisation was created in a region that no longer suits the requirement
- Read traffic is being served from the primary region only
- Backups are replicated to a second region by default

## Resolution

1. Check the region shown on the organisation settings page. This is fixed at creation and determines where primary data is stored.
2. Enable read replicas in additional regions to reduce latency for distant users without moving primary storage.
3. Review the backup replication setting if a single-region requirement applies, since cross-region replication is enabled by default.
4. Migrating an organisation between regions requires a planned migration with support and involves a maintenance window.

## Notes

Metadata such as account names and billing records is stored centrally regardless of the data region.

---

[DOC-DATA-003] Data residency and regional storage:
# Data residency and regional storage

**Applies to:** Business and Enterprise plans

## Symptoms

- A customer requires data to remain in a specific region
- Latency is high for users far from the primary region
- A compliance review has asked where data is held

## Common causes

- The organisation was created in a region that no longer suits the requirement
- Read traffic is being served from the primary region only
- Backups are replicated to a second region by default

## Resolution

1. Check the region shown on the organisation settings page. This is fixed at creation and determines where primary data is stored.
2. Enable read replicas in additional regions to reduce latency for distant users without moving primary storage.
3. Review the backup replication setting if a single-region requirement applies, since cross-region replication is enabled by default.
4. Migrating an organisation between regions requires a planned migration with support and involves a maintenance window.

## Notes

Metadata such as account names and billing records is stored centrally regardless of the data region.

---

[DOC-DATA-003] Data residency and regional storage:
# Data residency and regional storage

**Applies to:** Business and Enterprise plans

## Symptoms

- A customer requires data to remain in a specific region
- Latency is high for users far from the primary region
- A compliance review has asked where data is held

## Common causes

- The organisation was created in a region that no longer suits the requirement
- Read traffic is being served from the primary region only
- Backups are replicated to a second region by default

## Resolution

1. Check the region shown on the organisation settings page. This is fixed at creation and determines where primary data is stored.
2. Enable read replicas in additional regions to reduce latency for distant users without moving primary storage.
3. Review the backup replication setting if a single-region requirement applies, since cross-region replication is enabled by default.
4. Migrating an organisation between regions requires a planned migration with support and involves a maintenance window.

## Notes

Metadata such as account names and billing records is stored centrally regardless of the data region.",Y,Y,Response provided from Citations only,Y,Y,Response provided from Citations only,Y
VAL-0055,chat,,we connecting our CI pipeline and not are sure whether to use personal key or something else. What is recommended approach for automation? please tell what to do.,"Create a service account for the pipeline rather than using a personal key, so that access survives staff changes. Store the credential as an encrypted secret in your pipeline provider, never in the repository. Test the pipeline credential separately from the deployment logic, so that authentication failures are distinguishable from deployment failures.","DOC-INT-001, DOC-INT-001, DOC-INT-001, DOC-INT-001","[DOC-INT-001] Connecting continuous integration pipelines:
# Connecting continuous integration pipelines

**Applies to:** All plans

## Symptoms

- The pipeline cannot authenticate against CloudServe
- Deployments succeed manually but fail from the pipeline
- The pipeline has broader access than intended

## Common causes

- A personal key was used rather than a service account
- The pipeline environment lacks the configuration present locally
- The service account was granted an organisation-wide role

## Resolution

1. Create a service account for the pipeline rather than using a personal key, so that access survives staff changes.
2. Grant the service account only the projects and permissions the pipeline needs, and review that grant when the pipeline changes.
3. Store the credential as an encrypted secret in your pipeline provider, never in the repository.
4. Test the pipeline credential separately from the deployment logic, so that authentication failures are distinguishable from deployment failures.

## Notes

Service account keys do not expire by default. Set an expiry and rotate on a schedule.

---

[DOC-INT-001] Connecting continuous integration pipelines:
# Connecting continuous integration pipelines

**Applies to:** All plans

## Symptoms

- The pipeline cannot authenticate against CloudServe
- Deployments succeed manually but fail from the pipeline
- The pipeline has broader access than intended

## Common causes

- A personal key was used rather than a service account
- The pipeline environment lacks the configuration present locally
- The service account was granted an organisation-wide role

## Resolution

1. Create a service account for the pipeline rather than using a personal key, so that access survives staff changes.
2. Grant the service account only the projects and permissions the pipeline needs, and review that grant when the pipeline changes.
3. Store the credential as an encrypted secret in your pipeline provider, never in the repository.
4. Test the pipeline credential separately from the deployment logic, so that authentication failures are distinguishable from deployment failures.

## Notes

Service account keys do not expire by default. Set an expiry and rotate on a schedule.

---

[DOC-INT-001] Connecting continuous integration pipelines:
# Connecting continuous integration pipelines

**Applies to:** All plans

## Symptoms

- The pipeline cannot authenticate against CloudServe
- Deployments succeed manually but fail from the pipeline
- The pipeline has broader access than intended

## Common causes

- A personal key was used rather than a service account
- The pipeline environment lacks the configuration present locally
- The service account was granted an organisation-wide role

## Resolution

1. Create a service account for the pipeline rather than using a personal key, so that access survives staff changes.
2. Grant the service account only the projects and permissions the pipeline needs, and review that grant when the pipeline changes.
3. Store the credential as an encrypted secret in your pipeline provider, never in the repository.
4. Test the pipeline credential separately from the deployment logic, so that authentication failures are distinguishable from deployment failures.

## Notes

Service account keys do not expire by default. Set an expiry and rotate on a schedule.

---

[DOC-INT-001] Connecting continuous integration pipelines:
# Connecting continuous integration pipelines

**Applies to:** All plans

## Symptoms

- The pipeline cannot authenticate against CloudServe
- Deployments succeed manually but fail from the pipeline
- The pipeline has broader access than intended

## Common causes

- A personal key was used rather than a service account
- The pipeline environment lacks the configuration present locally
- The service account was granted an organisation-wide role

## Resolution

1. Create a service account for the pipeline rather than using a personal key, so that access survives staff changes.
2. Grant the service account only the projects and permissions the pipeline needs, and review that grant when the pipeline changes.
3. Store the credential as an encrypted secret in your pipeline provider, never in the repository.
4. Test the pipeline credential separately from the deployment logic, so that authentication failures are distinguishable from deployment failures.

## Notes

Service account keys do not expire by default. Set an expiry and rotate on a schedule.",Y,Y,Response provided from Citations only,Y,Y,Response provided from Citations only,Y
VAL-0056,email,Build fails in the pipeline,Every deployment fails at the health check stage. I have increased the timeout twice already and it makes no difference.,"To troubleshoot the issue, confirm the container is listening on the port declared in the service definition. A mismatch here produces a health check failure that looks like a timeout. Compare the environment variables present in the deployment against those the application requires. Missing configuration frequently causes a silent startup failure. Inspect the container logs from the failed revision rather than the running one; the rollback replaces the logs shown by default.","DOC-DEPLOY-001, DOC-DEPLOY-001, DOC-DEPLOY-001","[DOC-DEPLOY-001] Container deployments failing during the health check phase:
# Container deployments failing during the health check phase

**Applies to:** Container Service

## Symptoms

- The deployment reaches running and then rolls back
- Logs show repeated health check timeouts
- The service works locally but not when deployed

## Common causes

- The health endpoint takes longer to respond than the configured timeout
- The container listens on a different port than the service declares
- A required environment variable is absent in the deployed environment

## Resolution

1. Confirm the container is listening on the port declared in the service definition. A mismatch here produces a health check failure that looks like a timeout.
2. Increase the initial delay if the application needs time to warm up before it can answer. Thirty seconds is a reasonable starting point for services that load models or caches.
3. Compare the environment variables present in the deployment against those the application requires. Missing configuration frequently causes a silent startup failure.
4. Inspect the container logs from the failed revision rather than the running one; the rollback replaces the logs shown by default.

## Notes

A health check must return within the timeout using only local state. Endpoints that call a database will fail during a database incident and take the service down with them.

---

[DOC-DEPLOY-001] Container deployments failing during the health check phase:
# Container deployments failing during the health check phase

**Applies to:** Container Service

## Symptoms

- The deployment reaches running and then rolls back
- Logs show repeated health check timeouts
- The service works locally but not when deployed

## Common causes

- The health endpoint takes longer to respond than the configured timeout
- The container listens on a different port than the service declares
- A required environment variable is absent in the deployed environment

## Resolution

1. Confirm the container is listening on the port declared in the service definition. A mismatch here produces a health check failure that looks like a timeout.
2. Increase the initial delay if the application needs time to warm up before it can answer. Thirty seconds is a reasonable starting point for services that load models or caches.
3. Compare the environment variables present in the deployment against those the application requires. Missing configuration frequently causes a silent startup failure.
4. Inspect the container logs from the failed revision rather than the running one; the rollback replaces the logs shown by default.

## Notes

A health check must return within the timeout using only local state. Endpoints that call a database will fail during a database incident and take the service down with them.

---

[DOC-DEPLOY-001] Container deployments failing during the health check phase:
# Container deployments failing during the health check phase

**Applies to:** Container Service

## Symptoms

- The deployment reaches running and then rolls back
- Logs show repeated health check timeouts
- The service works locally but not when deployed

## Common causes

- The health endpoint takes longer to respond than the configured timeout
- The container listens on a different port than the service declares
- A required environment variable is absent in the deployed environment

## Resolution

1. Confirm the container is listening on the port declared in the service definition. A mismatch here produces a health check failure that looks like a timeout.
2. Increase the initial delay if the application needs time to warm up before it can answer. Thirty seconds is a reasonable starting point for services that load models or caches.
3. Compare the environment variables present in the deployment against those the application requires. Missing configuration frequently causes a silent startup failure.
4. Inspect the container logs from the failed revision rather than the running one; the rollback replaces the logs shown by default.

## Notes

A health check must return within the timeout using only local state. Endpoints that call a database will fail during a database incident and take the service down with them.",Y,Y,Response provided from Citations only,Y,Y,Response provided from Citations only,Y
VAL-0057,email,Deployment rolls back every time,Our deployment reaches running and then rolls back after about a minute. The logs mention a health check timeout. It runs perfectly on my machine and in staging.,"The deployment rolls back due to a health check timeout. To resolve this, confirm that the container is listening on the port declared in the service definition. A mismatch here produces a health check failure that looks like a timeout. Also, inspect the container logs from the failed revision rather than the running one; the rollback replaces the logs shown by default.","DOC-DEPLOY-001, DOC-DEPLOY-001, DOC-DEPLOY-001","[DOC-DEPLOY-001] Container deployments failing during the health check phase:
# Container deployments failing during the health check phase

**Applies to:** Container Service

## Symptoms

- The deployment reaches running and then rolls back
- Logs show repeated health check timeouts
- The service works locally but not when deployed

## Common causes

- The health endpoint takes longer to respond than the configured timeout
- The container listens on a different port than the service declares
- A required environment variable is absent in the deployed environment

## Resolution

1. Confirm the container is listening on the port declared in the service definition. A mismatch here produces a health check failure that looks like a timeout.
2. Increase the initial delay if the application needs time to warm up before it can answer. Thirty seconds is a reasonable starting point for services that load models or caches.
3. Compare the environment variables present in the deployment against those the application requires. Missing configuration frequently causes a silent startup failure.
4. Inspect the container logs from the failed revision rather than the running one; the rollback replaces the logs shown by default.

## Notes

A health check must return within the timeout using only local state. Endpoints that call a database will fail during a database incident and take the service down with them.

---

[DOC-DEPLOY-001] Container deployments failing during the health check phase:
# Container deployments failing during the health check phase

**Applies to:** Container Service

## Symptoms

- The deployment reaches running and then rolls back
- Logs show repeated health check timeouts
- The service works locally but not when deployed

## Common causes

- The health endpoint takes longer to respond than the configured timeout
- The container listens on a different port than the service declares
- A required environment variable is absent in the deployed environment

## Resolution

1. Confirm the container is listening on the port declared in the service definition. A mismatch here produces a health check failure that looks like a timeout.
2. Increase the initial delay if the application needs time to warm up before it can answer. Thirty seconds is a reasonable starting point for services that load models or caches.
3. Compare the environment variables present in the deployment against those the application requires. Missing configuration frequently causes a silent startup failure.
4. Inspect the container logs from the failed revision rather than the running one; the rollback replaces the logs shown by default.

## Notes

A health check must return within the timeout using only local state. Endpoints that call a database will fail during a database incident and take the service down with them.

---

[DOC-DEPLOY-001] Container deployments failing during the health check phase:
# Container deployments failing during the health check phase

**Applies to:** Container Service

## Symptoms

- The deployment reaches running and then rolls back
- Logs show repeated health check timeouts
- The service works locally but not when deployed

## Common causes

- The health endpoint takes longer to respond than the configured timeout
- The container listens on a different port than the service declares
- A required environment variable is absent in the deployed environment

## Resolution

1. Confirm the container is listening on the port declared in the service definition. A mismatch here produces a health check failure that looks like a timeout.
2. Increase the initial delay if the application needs time to warm up before it can answer. Thirty seconds is a reasonable starting point for services that load models or caches.
3. Compare the environment variables present in the deployment against those the application requires. Missing configuration frequently causes a silent startup failure.
4. Inspect the container logs from the failed revision rather than the running one; the rollback replaces the logs shown by default.

## Notes

A health check must return within the timeout using only local state. Endpoints that call a database will fail during a database incident and take the service down with them.",Y,Y,Response provided from Citations only,Y,Y,Response provided from Citations only,Y
VAL-0058,docs_comment,Need to rotate an exposed key,one of our production keys start returning 401 at around last Friday without any change on our side. Other keys against same account still working. waiting for your reply.,"To rotate the exposed key without downtime, create the replacement key first, deploy it, confirm traffic has moved, then revoke the old key. If the key has been exposed publicly, revoke it immediately rather than waiting for the rotation window.","DOC-AUTH-004, DOC-AUTH-004","[DOC-AUTH-004] API key rotation and scope management:
# API key rotation and scope management

**Applies to:** All plans

## Symptoms

- A previously working key returns 401 Unauthorized
- A key works for some endpoints and not others
- A key needs replacing after accidental exposure

## Common causes

- The key was revoked or reached its configured expiry
- The key was issued with a scope that excludes the endpoint being called
- The key belongs to a deleted user and was removed with the account

## Resolution

1. Check the API keys page for the key's status and expiry. Revoked and expired keys are listed with the date and the user who acted.
2. Review the scopes attached to the key. Read-only keys cannot write, and project-scoped keys cannot reach organisation endpoints.
3. To rotate without downtime, create the replacement key first, deploy it, confirm traffic has moved, then revoke the old key.
4. If a key has been exposed publicly, revoke it immediately rather than waiting for the rotation window.

## Notes

Keys issued to individual users are removed when that user is deleted. Use service accounts for anything running in production.

---

[DOC-AUTH-004] API key rotation and scope management:
# API key rotation and scope management

**Applies to:** All plans

## Symptoms

- A previously working key returns 401 Unauthorized
- A key works for some endpoints and not others
- A key needs replacing after accidental exposure

## Common causes

- The key was revoked or reached its configured expiry
- The key was issued with a scope that excludes the endpoint being called
- The key belongs to a deleted user and was removed with the account

## Resolution

1. Check the API keys page for the key's status and expiry. Revoked and expired keys are listed with the date and the user who acted.
2. Review the scopes attached to the key. Read-only keys cannot write, and project-scoped keys cannot reach organisation endpoints.
3. To rotate without downtime, create the replacement key first, deploy it, confirm traffic has moved, then revoke the old key.
4. If a key has been exposed publicly, revoke it immediately rather than waiting for the rotation window.

## Notes

Keys issued to individual users are removed when that user is deleted. Use service accounts for anything running in production.",Y,Y,Response provided from Citations only,Y,Y,Response provided from Citations only,Y
VAL-0059,docs_comment,Config differs between environments,Where should secrets be stored so they do not appear in the logs? At the moment ours are being printed at startup and I am not comfortable with that.,Store anything sensitive as a secret rather than a variable. Secrets are masked in logs and are not readable through the API after creation.,DOC-DEPLOY-004,"[DOC-DEPLOY-004] Configuring environment variables and secrets:
# Configuring environment variables and secrets

**Applies to:** All compute services

## Symptoms

- The application cannot read a variable that appears to be set
- A secret value appears in plain text in the logs
- Configuration differs between environments unexpectedly

## Common causes

- The variable was set at project scope but read at service scope
- The application logs its configuration at startup
- An environment override exists that is not visible on the main settings page

## Resolution

1. Check the scope at which the variable was defined. Service scope overrides project scope, and project scope overrides organisation defaults.
2. Store anything sensitive as a secret rather than a variable. Secrets are masked in logs and are not readable through the API after creation.
3. Review the environment overrides page, which lists values that differ from the defaults for each environment.
4. Redeploy after changing configuration. Running containers do not pick up new values without a restart.

## Notes

A secret that has been printed to logs should be treated as exposed and rotated, even if the logs are private.",Y,Y,Response provided from Citations only,Y,Y,Response provided from Citations only,Y
VAL-0060,email,Webhooks not arriving,"Signature verification fails for every delivery. We are computing the signature exactly as the documentation describes, over the parsed body.",Compute the signature over the raw request body before any parsing. Re-serialising JSON changes the bytes and invalidates the signature.,DOC-API-003,"[DOC-API-003] Webhook delivery, retries and signature verification:
# Webhook delivery, retries and signature verification

**Applies to:** All plans

## Symptoms

- Webhooks are not arriving at the configured endpoint
- The same event is delivered more than once
- Signature verification fails

## Common causes

- The endpoint returned a non-2xx status and delivery is being retried
- The endpoint responded too slowly and the delivery timed out
- The signature was computed over a parsed body rather than the raw bytes

## Resolution

1. Check the webhook delivery log, which records every attempt with the response status and body for the last seven days.
2. Return 2xx as quickly as possible and process the event asynchronously. Deliveries time out after five seconds.
3. Compute the signature over the raw request body before any parsing. Re-serialising JSON changes the bytes and invalidates the signature.
4. Make your handler idempotent using the event identifier. At-least-once delivery means duplicates are expected rather than exceptional.

## Notes

Failed deliveries are retried with backoff for twenty-four hours, after which the endpoint is disabled and the account is notified.",Y,Y,Response provided from Citations only,Y,Y,Response provided from Citations only,Y
VAL-0061,email,Webhooks not arriving,"Signature verification fails for every delivery. We are computing the signature exactly as the documentation describes, over the parsed body.",Compute the signature over the raw request body before any parsing. Re-serialising JSON changes the bytes and invalidates the signature.,DOC-API-003,"[DOC-API-003] Webhook delivery, retries and signature verification:
# Webhook delivery, retries and signature verification

**Applies to:** All plans

## Symptoms

- Webhooks are not arriving at the configured endpoint
- The same event is delivered more than once
- Signature verification fails

## Common causes

- The endpoint returned a non-2xx status and delivery is being retried
- The endpoint responded too slowly and the delivery timed out
- The signature was computed over a parsed body rather than the raw bytes

## Resolution

1. Check the webhook delivery log, which records every attempt with the response status and body for the last seven days.
2. Return 2xx as quickly as possible and process the event asynchronously. Deliveries time out after five seconds.
3. Compute the signature over the raw request body before any parsing. Re-serialising JSON changes the bytes and invalidates the signature.
4. Make your handler idempotent using the event identifier. At-least-once delivery means duplicates are expected rather than exceptional.

## Notes

Failed deliveries are retried with backoff for twenty-four hours, after which the endpoint is disabled and the account is notified.",Y,Y,Response provided from Citations only,Y,Y,Response provided from Citations only,Y
VAL-0062,docs_comment,Connecting our CI pipeline,log forwarding to our external system stop over weekend and not resumed by itself. destination healthy as we know.,"Check the forwarding status page, which shows the last successful delivery and any error returned by the destination. Verify the destination credential separately if delivery has stopped entirely, as expired credentials are the most common cause.","DOC-INT-002, DOC-INT-002","[DOC-INT-002] Third party monitoring and log forwarding:
# Third party monitoring and log forwarding

**Applies to:** Business and Enterprise plans

## Symptoms

- Logs are not arriving at the external destination
- Metrics are delayed compared with the console
- Forwarded volume is higher than expected

## Common causes

- The destination rejected the payload and forwarding paused
- Aggregation introduces a delay before metrics are forwarded
- Debug-level logs are being forwarded along with the rest

## Resolution

1. Check the forwarding status page, which shows the last successful delivery and any error returned by the destination.
2. Expect a delay of up to two minutes on metrics, since they are aggregated before being sent.
3. Apply a level filter at source so that debug output is not forwarded, which is usually the reason volume is higher than expected.
4. Verify the destination credential separately if delivery has stopped entirely, as expired credentials are the most common cause.

## Notes

Forwarding pauses after one hour of consecutive failures and must be resumed manually once the destination is healthy.

---

[DOC-INT-002] Third party monitoring and log forwarding:
# Third party monitoring and log forwarding

**Applies to:** Business and Enterprise plans

## Symptoms

- Logs are not arriving at the external destination
- Metrics are delayed compared with the console
- Forwarded volume is higher than expected

## Common causes

- The destination rejected the payload and forwarding paused
- Aggregation introduces a delay before metrics are forwarded
- Debug-level logs are being forwarded along with the rest

## Resolution

1. Check the forwarding status page, which shows the last successful delivery and any error returned by the destination.
2. Expect a delay of up to two minutes on metrics, since they are aggregated before being sent.
3. Apply a level filter at source so that debug output is not forwarded, which is usually the reason volume is higher than expected.
4. Verify the destination credential separately if delivery has stopped entirely, as expired credentials are the most common cause.

## Notes

Forwarding pauses after one hour of consecutive failures and must be resumed manually once the destination is healthy.",Y,Y,Response provided from Citations only,Y,Y,Response provided from Citations only,Y
VAL-0063,email,Permission changes not taking effect,One of our developers cannot see a project she should have access to. I have granted her the role twice and it does not seem to take effect.,"The role was granted at project scope rather than organisation scope. To check, go to the project settings and verify the role's scope. If it's at project scope, you'll need to change it to organisation scope for the permissions to take effect.",DOC-ACCT-001,"[DOC-ACCT-001] Managing team members, roles and permissions:
# Managing team members, roles and permissions

**Applies to:** All plans

## Symptoms

- A user cannot access a project they should be able to
- A departing user needs removing
- Permissions need narrowing after a review

## Common causes

- The role was granted at project scope rather than organisation scope
- The invitation was never accepted and the account does not exist
- A group membership grants broader access than the direct role suggests

## Resolution

1. Check the effective permissions view for the user, which resolves direct roles and group memberships together.
2. Confirm the invitation was accepted. Pending invitations appear in a separate section and expire after seven days.
3. Remove a departing user rather than only changing their password, and revoke any API keys they created.
4. Prefer group membership to direct role assignment, so that access can be reviewed in one place.

## Notes

Removing the last account owner is not permitted. Transfer ownership before removing the account.",N,N,Response generated in different from the Citation so this ticket it hallucinated,N,N,Response generated in different from the Citation so this ticket it hallucinated,Y
VAL-0064,chat,,What is the right way to pull a very large extract? Requesting a big page size gets rejected and iterating page by page takes hours.,"For very large extracts, use the export endpoint, which runs asynchronously and returns a download link. Keep in mind that larger requests are rejected rather than truncated, so keep page size at or below two hundred.","DOC-API-002, DOC-API-002","[DOC-API-002] Pagination and handling large result sets:
# Pagination and handling large result sets

**Applies to:** All plans

## Symptoms

- Only the first page of results is returned
- Iterating through results misses or duplicates records
- Large queries time out

## Common causes

- The cursor from the previous response was not passed to the next request
- Offset pagination was used against a changing collection
- The page size requested exceeds the maximum

## Resolution

1. Use cursor pagination for anything that may change while you iterate. Offset pagination will skip or repeat records when items are inserted mid-iteration.
2. Pass the next_cursor value from each response as the cursor parameter of the following request, and stop when it is null.
3. Keep page size at or below two hundred. Larger requests are rejected rather than truncated.
4. For very large extracts, use the export endpoint, which runs asynchronously and returns a download link.

## Notes

Cursors expire after one hour. Long-running iterations should handle expiry by restarting from a recorded checkpoint.

---

[DOC-API-002] Pagination and handling large result sets:
# Pagination and handling large result sets

**Applies to:** All plans

## Symptoms

- Only the first page of results is returned
- Iterating through results misses or duplicates records
- Large queries time out

## Common causes

- The cursor from the previous response was not passed to the next request
- Offset pagination was used against a changing collection
- The page size requested exceeds the maximum

## Resolution

1. Use cursor pagination for anything that may change while you iterate. Offset pagination will skip or repeat records when items are inserted mid-iteration.
2. Pass the next_cursor value from each response as the cursor parameter of the following request, and stop when it is null.
3. Keep page size at or below two hundred. Larger requests are rejected rather than truncated.
4. For very large extracts, use the export endpoint, which runs asynchronously and returns a download link.

## Notes

Cursors expire after one hour. Long-running iterations should handle expiry by restarting from a recorded checkpoint.",Y,Y,Response provided from Citations only,Y,Y,Response provided from Citations only,Y
VAL-0065,email,Billing period dates unclear,There are charges on our invoice for a service I do not believe we use. Could you explain what these relate to?,"The billing period runs from the anniversary of the subscription date. You can check the billing period dates at the top of the invoice. If you're unsure about the services you're being charged for, you can open the usage breakdown for the period, which itemises charges by service and by environment.","DOC-BILL-001, DOC-BILL-001, DOC-BILL-001","[DOC-BILL-001] Understanding your invoice and usage breakdown:
# Understanding your invoice and usage breakdown

**Applies to:** All plans

## Symptoms

- The invoice is higher than expected
- Charges appear for a service that is not in use
- The billing period does not align with the calendar month

## Common causes

- Usage-based charges accrued beyond the plan allowance
- A resource was left running in a non-production environment
- The billing period runs from the subscription date rather than the first of the month

## Resolution

1. Open the usage breakdown for the period, which itemises charges by service and by environment.
2. Look for resources in staging or development environments, which are billed at the same rate as production.
3. Check the billing period dates at the top of the invoice. The period runs from the anniversary of the subscription date.
4. Set a usage alert on the billing page so that unexpected accrual is noticed during the period rather than at the end of it.

## Notes

Invoices are finalised three days after the period ends. Adjustments requested before finalisation appear on the same invoice.

---

[DOC-BILL-001] Understanding your invoice and usage breakdown:
# Understanding your invoice and usage breakdown

**Applies to:** All plans

## Symptoms

- The invoice is higher than expected
- Charges appear for a service that is not in use
- The billing period does not align with the calendar month

## Common causes

- Usage-based charges accrued beyond the plan allowance
- A resource was left running in a non-production environment
- The billing period runs from the subscription date rather than the first of the month

## Resolution

1. Open the usage breakdown for the period, which itemises charges by service and by environment.
2. Look for resources in staging or development environments, which are billed at the same rate as production.
3. Check the billing period dates at the top of the invoice. The period runs from the anniversary of the subscription date.
4. Set a usage alert on the billing page so that unexpected accrual is noticed during the period rather than at the end of it.

## Notes

Invoices are finalised three days after the period ends. Adjustments requested before finalisation appear on the same invoice.

---

[DOC-BILL-001] Understanding your invoice and usage breakdown:
# Understanding your invoice and usage breakdown

**Applies to:** All plans

## Symptoms

- The invoice is higher than expected
- Charges appear for a service that is not in use
- The billing period does not align with the calendar month

## Common causes

- Usage-based charges accrued beyond the plan allowance
- A resource was left running in a non-production environment
- The billing period runs from the subscription date rather than the first of the month

## Resolution

1. Open the usage breakdown for the period, which itemises charges by service and by environment.
2. Look for resources in staging or development environments, which are billed at the same rate as production.
3. Check the billing period dates at the top of the invoice. The period runs from the anniversary of the subscription date.
4. Set a usage alert on the billing page so that unexpected accrual is noticed during the period rather than at the end of it.

## Notes

Invoices are finalised three days after the period ends. Adjustments requested before finalisation appear on the same invoice.",Y,Y,Response provided from Citations only,Y,Y,Response provided from Citations only,Y
VAL-0066,forum,Question about backup regions,one of our customers has asked for written confirmation of where their data is physically stored. Can you please point me to something I can share with them? sorry for my english.,"According to our documentation, data residency and regional storage are determined by the region where the organisation was created, which can be checked on the organisation settings page. Additionally, backups are replicated to a second region by default, but this can be reviewed and adjusted if a single-region requirement applies. You can find more information on this in the 'Data residency and regional storage' documentation.","DOC-DATA-003, DOC-DATA-003","[DOC-DATA-003] Data residency and regional storage:
# Data residency and regional storage

**Applies to:** Business and Enterprise plans

## Symptoms

- A customer requires data to remain in a specific region
- Latency is high for users far from the primary region
- A compliance review has asked where data is held

## Common causes

- The organisation was created in a region that no longer suits the requirement
- Read traffic is being served from the primary region only
- Backups are replicated to a second region by default

## Resolution

1. Check the region shown on the organisation settings page. This is fixed at creation and determines where primary data is stored.
2. Enable read replicas in additional regions to reduce latency for distant users without moving primary storage.
3. Review the backup replication setting if a single-region requirement applies, since cross-region replication is enabled by default.
4. Migrating an organisation between regions requires a planned migration with support and involves a maintenance window.

## Notes

Metadata such as account names and billing records is stored centrally regardless of the data region.

---

[DOC-DATA-003] Data residency and regional storage:
# Data residency and regional storage

**Applies to:** Business and Enterprise plans

## Symptoms

- A customer requires data to remain in a specific region
- Latency is high for users far from the primary region
- A compliance review has asked where data is held

## Common causes

- The organisation was created in a region that no longer suits the requirement
- Read traffic is being served from the primary region only
- Backups are replicated to a second region by default

## Resolution

1. Check the region shown on the organisation settings page. This is fixed at creation and determines where primary data is stored.
2. Enable read replicas in additional regions to reduce latency for distant users without moving primary storage.
3. Review the backup replication setting if a single-region requirement applies, since cross-region replication is enabled by default.
4. Migrating an organisation between regions requires a planned migration with support and involves a maintenance window.

## Notes

Metadata such as account names and billing records is stored centrally regardless of the data region.",Y,Y,Response provided from Citations only,Y,Y,Response provided from Citations only,Y
VAL-0067,docs_comment,Suspicious activity in audit log,"We have found activity in our audit log from an address none of us recognise, going back to yesterday morning. Resources were created that nobody on the team claims. We need help urgently.","Revoke all API keys for the affected account immediately. This is disruptive and it is the correct first action. Then, force a password reset and terminate active sessions for the affected users from the team members page. Review the audit log for the period in question, filtering by the affected user, and record anything unexpected before it ages out. Enable multi-factor authentication for all users if it is not already mandatory for the organisation.","DOC-SEC-001, DOC-SEC-001, DOC-SEC-001, DOC-SEC-001","[DOC-SEC-001] Responding to a suspected account compromise:
# Responding to a suspected account compromise

**Applies to:** All plans

## Symptoms

- Unrecognised activity appears in the audit log
- A user reports credentials may have been exposed
- Resources were created that nobody claims

## Common causes

- Credentials were reused from a service that suffered a breach
- An API key was committed to a public repository
- A former team member retained access after leaving

## Resolution

1. Revoke all API keys for the affected account immediately. This is disruptive and it is the correct first action.
2. Force a password reset and terminate active sessions for the affected users from the team members page.
3. Review the audit log for the period in question, filtering by the affected user, and record anything unexpected before it ages out.
4. Enable multi-factor authentication for all users if it is not already mandatory for the organisation.

## Notes

Audit logs are retained for ninety days on Business plans and one year on Enterprise. Export them promptly during an investigation.

---

[DOC-SEC-001] Responding to a suspected account compromise:
# Responding to a suspected account compromise

**Applies to:** All plans

## Symptoms

- Unrecognised activity appears in the audit log
- A user reports credentials may have been exposed
- Resources were created that nobody claims

## Common causes

- Credentials were reused from a service that suffered a breach
- An API key was committed to a public repository
- A former team member retained access after leaving

## Resolution

1. Revoke all API keys for the affected account immediately. This is disruptive and it is the correct first action.
2. Force a password reset and terminate active sessions for the affected users from the team members page.
3. Review the audit log for the period in question, filtering by the affected user, and record anything unexpected before it ages out.
4. Enable multi-factor authentication for all users if it is not already mandatory for the organisation.

## Notes

Audit logs are retained for ninety days on Business plans and one year on Enterprise. Export them promptly during an investigation.

---

[DOC-SEC-001] Responding to a suspected account compromise:
# Responding to a suspected account compromise

**Applies to:** All plans

## Symptoms

- Unrecognised activity appears in the audit log
- A user reports credentials may have been exposed
- Resources were created that nobody claims

## Common causes

- Credentials were reused from a service that suffered a breach
- An API key was committed to a public repository
- A former team member retained access after leaving

## Resolution

1. Revoke all API keys for the affected account immediately. This is disruptive and it is the correct first action.
2. Force a password reset and terminate active sessions for the affected users from the team members page.
3. Review the audit log for the period in question, filtering by the affected user, and record anything unexpected before it ages out.
4. Enable multi-factor authentication for all users if it is not already mandatory for the organisation.

## Notes

Audit logs are retained for ninety days on Business plans and one year on Enterprise. Export them promptly during an investigation.

---

[DOC-SEC-001] Responding to a suspected account compromise:
# Responding to a suspected account compromise

**Applies to:** All plans

## Symptoms

- Unrecognised activity appears in the audit log
- A user reports credentials may have been exposed
- Resources were created that nobody claims

## Common causes

- Credentials were reused from a service that suffered a breach
- An API key was committed to a public repository
- A former team member retained access after leaving

## Resolution

1. Revoke all API keys for the affected account immediately. This is disruptive and it is the correct first action.
2. Force a password reset and terminate active sessions for the affected users from the team members page.
3. Review the audit log for the period in question, filtering by the affected user, and record anything unexpected before it ages out.
4. Enable multi-factor authentication for all users if it is not already mandatory for the organisation.

## Notes

Audit logs are retained for ninety days on Business plans and one year on Enterprise. Export them promptly during an investigation.",Y,Y,Response provided from Citations only,Y,Y,Response provided from Citations only,Y
VAL-0068,email,Suspicious activity in audit log,"we having found activity in our audit log from address none of us recognise, going back to around 14:00 yesterday. Resources created that nobody on the team claims.","Revoke all API keys for the affected account immediately. This is disruptive and it is the correct first action. Force a password reset and terminate active sessions for the affected users from the team members page. Review the audit log for the period in question, filtering by the affected user, and record anything unexpected before it ages out. Enable multi-factor authentication for all users if it is not already mandatory for the organisation.","DOC-SEC-001, DOC-SEC-001, DOC-SEC-001, DOC-SEC-001","[DOC-SEC-001] Responding to a suspected account compromise:
# Responding to a suspected account compromise

**Applies to:** All plans

## Symptoms

- Unrecognised activity appears in the audit log
- A user reports credentials may have been exposed
- Resources were created that nobody claims

## Common causes

- Credentials were reused from a service that suffered a breach
- An API key was committed to a public repository
- A former team member retained access after leaving

## Resolution

1. Revoke all API keys for the affected account immediately. This is disruptive and it is the correct first action.
2. Force a password reset and terminate active sessions for the affected users from the team members page.
3. Review the audit log for the period in question, filtering by the affected user, and record anything unexpected before it ages out.
4. Enable multi-factor authentication for all users if it is not already mandatory for the organisation.

## Notes

Audit logs are retained for ninety days on Business plans and one year on Enterprise. Export them promptly during an investigation.

---

[DOC-SEC-001] Responding to a suspected account compromise:
# Responding to a suspected account compromise

**Applies to:** All plans

## Symptoms

- Unrecognised activity appears in the audit log
- A user reports credentials may have been exposed
- Resources were created that nobody claims

## Common causes

- Credentials were reused from a service that suffered a breach
- An API key was committed to a public repository
- A former team member retained access after leaving

## Resolution

1. Revoke all API keys for the affected account immediately. This is disruptive and it is the correct first action.
2. Force a password reset and terminate active sessions for the affected users from the team members page.
3. Review the audit log for the period in question, filtering by the affected user, and record anything unexpected before it ages out.
4. Enable multi-factor authentication for all users if it is not already mandatory for the organisation.

## Notes

Audit logs are retained for ninety days on Business plans and one year on Enterprise. Export them promptly during an investigation.

---

[DOC-SEC-001] Responding to a suspected account compromise:
# Responding to a suspected account compromise

**Applies to:** All plans

## Symptoms

- Unrecognised activity appears in the audit log
- A user reports credentials may have been exposed
- Resources were created that nobody claims

## Common causes

- Credentials were reused from a service that suffered a breach
- An API key was committed to a public repository
- A former team member retained access after leaving

## Resolution

1. Revoke all API keys for the affected account immediately. This is disruptive and it is the correct first action.
2. Force a password reset and terminate active sessions for the affected users from the team members page.
3. Review the audit log for the period in question, filtering by the affected user, and record anything unexpected before it ages out.
4. Enable multi-factor authentication for all users if it is not already mandatory for the organisation.

## Notes

Audit logs are retained for ninety days on Business plans and one year on Enterprise. Export them promptly during an investigation.

---

[DOC-SEC-001] Responding to a suspected account compromise:
# Responding to a suspected account compromise

**Applies to:** All plans

## Symptoms

- Unrecognised activity appears in the audit log
- A user reports credentials may have been exposed
- Resources were created that nobody claims

## Common causes

- Credentials were reused from a service that suffered a breach
- An API key was committed to a public repository
- A former team member retained access after leaving

## Resolution

1. Revoke all API keys for the affected account immediately. This is disruptive and it is the correct first action.
2. Force a password reset and terminate active sessions for the affected users from the team members page.
3. Review the audit log for the period in question, filtering by the affected user, and record anything unexpected before it ages out.
4. Enable multi-factor authentication for all users if it is not already mandatory for the organisation.

## Notes

Audit logs are retained for ninety days on Business plans and one year on Enterprise. Export them promptly during an investigation.",Y,Y,Response provided from Citations only,Y,Y,Response provided from Citations only,Y
VAL-0069,chat,,Our staging environment is picking up production configuration values. I cannot work out where the override is coming from.,"Check the scope at which the variable was defined. Service scope overrides project scope, and project scope overrides organisation defaults. Review the environment overrides page, which lists values that differ from the defaults for each environment.","DOC-DEPLOY-004, DOC-DEPLOY-004","[DOC-DEPLOY-004] Configuring environment variables and secrets:
# Configuring environment variables and secrets

**Applies to:** All compute services

## Symptoms

- The application cannot read a variable that appears to be set
- A secret value appears in plain text in the logs
- Configuration differs between environments unexpectedly

## Common causes

- The variable was set at project scope but read at service scope
- The application logs its configuration at startup
- An environment override exists that is not visible on the main settings page

## Resolution

1. Check the scope at which the variable was defined. Service scope overrides project scope, and project scope overrides organisation defaults.
2. Store anything sensitive as a secret rather than a variable. Secrets are masked in logs and are not readable through the API after creation.
3. Review the environment overrides page, which lists values that differ from the defaults for each environment.
4. Redeploy after changing configuration. Running containers do not pick up new values without a restart.

## Notes

A secret that has been printed to logs should be treated as exposed and rotated, even if the logs are private.

---

[DOC-DEPLOY-004] Configuring environment variables and secrets:
# Configuring environment variables and secrets

**Applies to:** All compute services

## Symptoms

- The application cannot read a variable that appears to be set
- A secret value appears in plain text in the logs
- Configuration differs between environments unexpectedly

## Common causes

- The variable was set at project scope but read at service scope
- The application logs its configuration at startup
- An environment override exists that is not visible on the main settings page

## Resolution

1. Check the scope at which the variable was defined. Service scope overrides project scope, and project scope overrides organisation defaults.
2. Store anything sensitive as a secret rather than a variable. Secrets are masked in logs and are not readable through the API after creation.
3. Review the environment overrides page, which lists values that differ from the defaults for each environment.
4. Redeploy after changing configuration. Running containers do not pick up new values without a restart.

## Notes

A secret that has been printed to logs should be treated as exposed and rotated, even if the logs are private.",Y,Y,Response provided from Citations only,Y,Y,Response provided from Citations only,Y
VAL-0070,docs_comment,SSO works for some users only,Single sign-on works for our engineering group but the finance group gets an error. Both are configured identically as far as we can tell. Any idea what differs?,"Compare the assertion consumer service URL in your identity provider against the value shown on the SSO settings page. They must match exactly, including the trailing path.",DOC-AUTH-003,"[DOC-AUTH-003] Single sign-on configuration with SAML providers:
# Single sign-on configuration with SAML providers

**Applies to:** Business and Enterprise plans

## Symptoms

- Users are redirected to the identity provider and returned to an error page
- SSO works for some users and not others
- New users are not provisioned automatically

## Common causes

- The assertion consumer service URL does not match the value registered with CloudServe
- The email attribute in the assertion does not match the CloudServe account email
- Just-in-time provisioning is disabled on the connection

## Resolution

1. Compare the assertion consumer service URL in your identity provider against the value shown on the SSO settings page. They must match exactly, including the trailing path.
2. Inspect a failing assertion and confirm the NameID is the user's email address in lower case.
3. Enable just-in-time provisioning if new users should be created on first login, and set a default role for provisioned users.
4. Keep at least one administrator account with password access while testing, so a misconfiguration does not lock the whole organisation out.

## Notes

SAML changes take effect immediately for new sessions but existing sessions remain valid until they expire.",Y,Y,Response provided from Citations only,Y,Y,Response provided from Citations only,Y
VAL-0071,docs_comment,Spend cap stopped our service,We were throttled over the weekend after a traffic increase and it took down part of our product. We would rather pay overage than be stopped. How do we change that?,"To avoid being stopped by a spend cap, you can configure alerts at 50%, 80%, and 95% of your allowance, rather than relying on the cap as a warning. Additionally, you can check the current period usage against the plan allowance on the billing page to ensure you're not reaching the cap. If you are stopped by a cap, an account owner can raise it immediately from the billing page and service will resume within a minute.","DOC-BILL-003, DOC-BILL-003, DOC-BILL-003","[DOC-BILL-003] Usage limits, overage and spend controls:
# Usage limits, overage and spend controls

**Applies to:** All plans

## Symptoms

- Service was throttled after a traffic increase
- Overage charges appeared unexpectedly
- A spend cap stopped a production workload

## Common causes

- Plan allowance was consumed before the end of the period
- A spend cap was configured and reached
- Overage protection is disabled, so usage continued beyond the allowance

## Resolution

1. Check the current period usage against the plan allowance on the billing page.
2. Decide deliberately between a hard spend cap, which stops the service, and overage, which continues at the listed rate. Production workloads generally need the second.
3. Configure alerts at fifty, eighty and ninety-five per cent of allowance rather than relying on the cap as a warning.
4. Where a cap has stopped a production service, an account owner can raise it immediately from the billing page and service resumes within a minute.

## Notes

Spend caps apply per organisation and cannot currently be set per project.

---

[DOC-BILL-003] Usage limits, overage and spend controls:
# Usage limits, overage and spend controls

**Applies to:** All plans

## Symptoms

- Service was throttled after a traffic increase
- Overage charges appeared unexpectedly
- A spend cap stopped a production workload

## Common causes

- Plan allowance was consumed before the end of the period
- A spend cap was configured and reached
- Overage protection is disabled, so usage continued beyond the allowance

## Resolution

1. Check the current period usage against the plan allowance on the billing page.
2. Decide deliberately between a hard spend cap, which stops the service, and overage, which continues at the listed rate. Production workloads generally need the second.
3. Configure alerts at fifty, eighty and ninety-five per cent of allowance rather than relying on the cap as a warning.
4. Where a cap has stopped a production service, an account owner can raise it immediately from the billing page and service resumes within a minute.

## Notes

Spend caps apply per organisation and cannot currently be set per project.

---

[DOC-BILL-003] Usage limits, overage and spend controls:
# Usage limits, overage and spend controls

**Applies to:** All plans

## Symptoms

- Service was throttled after a traffic increase
- Overage charges appeared unexpectedly
- A spend cap stopped a production workload

## Common causes

- Plan allowance was consumed before the end of the period
- A spend cap was configured and reached
- Overage protection is disabled, so usage continued beyond the allowance

## Resolution

1. Check the current period usage against the plan allowance on the billing page.
2. Decide deliberately between a hard spend cap, which stops the service, and overage, which continues at the listed rate. Production workloads generally need the second.
3. Configure alerts at fifty, eighty and ninety-five per cent of allowance rather than relying on the cap as a warning.
4. Where a cap has stopped a production service, an account owner can raise it immediately from the billing page and service resumes within a minute.

## Notes

Spend caps apply per organisation and cannot currently be set per project.",Y,Y,Response provided from Citations only,Y,Y,Response provided from Citations only,Y
VAL-0072,docs_comment,Invoice higher than expected,There are charges on our invoice for a service I do not believe we use. Could you explain what these relate to?,"The charges on your invoice for a service you do not believe you use may be due to usage-based charges accrued beyond your plan allowance. To check, open the usage breakdown for the period, which itemises charges by service and by environment. Look for resources in staging or development environments, which are billed at the same rate as production.","DOC-BILL-001, DOC-BILL-001","[DOC-BILL-001] Understanding your invoice and usage breakdown:
# Understanding your invoice and usage breakdown

**Applies to:** All plans

## Symptoms

- The invoice is higher than expected
- Charges appear for a service that is not in use
- The billing period does not align with the calendar month

## Common causes

- Usage-based charges accrued beyond the plan allowance
- A resource was left running in a non-production environment
- The billing period runs from the subscription date rather than the first of the month

## Resolution

1. Open the usage breakdown for the period, which itemises charges by service and by environment.
2. Look for resources in staging or development environments, which are billed at the same rate as production.
3. Check the billing period dates at the top of the invoice. The period runs from the anniversary of the subscription date.
4. Set a usage alert on the billing page so that unexpected accrual is noticed during the period rather than at the end of it.

## Notes

Invoices are finalised three days after the period ends. Adjustments requested before finalisation appear on the same invoice.

---

[DOC-BILL-001] Understanding your invoice and usage breakdown:
# Understanding your invoice and usage breakdown

**Applies to:** All plans

## Symptoms

- The invoice is higher than expected
- Charges appear for a service that is not in use
- The billing period does not align with the calendar month

## Common causes

- Usage-based charges accrued beyond the plan allowance
- A resource was left running in a non-production environment
- The billing period runs from the subscription date rather than the first of the month

## Resolution

1. Open the usage breakdown for the period, which itemises charges by service and by environment.
2. Look for resources in staging or development environments, which are billed at the same rate as production.
3. Check the billing period dates at the top of the invoice. The period runs from the anniversary of the subscription date.
4. Set a usage alert on the billing page so that unexpected accrual is noticed during the period rather than at the end of it.

## Notes

Invoices are finalised three days after the period ends. Adjustments requested before finalisation appear on the same invoice.",Y,Y,Response provided from Citations only,Y,Y,Response provided from Citations only,Y
VAL-0073,forum,Invoice higher than expected,bill is very high this month. i not understand the charge. please explain what is this.,"To understand your invoice and usage breakdown, open the usage breakdown for the period, which itemises charges by service and by environment. Look for resources in staging or development environments, which are billed at the same rate as production. Check the billing period dates at the top of the invoice. The period runs from the anniversary of the subscription date.","DOC-BILL-001, DOC-BILL-001","[DOC-BILL-001] Understanding your invoice and usage breakdown:
# Understanding your invoice and usage breakdown

**Applies to:** All plans

## Symptoms

- The invoice is higher than expected
- Charges appear for a service that is not in use
- The billing period does not align with the calendar month

## Common causes

- Usage-based charges accrued beyond the plan allowance
- A resource was left running in a non-production environment
- The billing period runs from the subscription date rather than the first of the month

## Resolution

1. Open the usage breakdown for the period, which itemises charges by service and by environment.
2. Look for resources in staging or development environments, which are billed at the same rate as production.
3. Check the billing period dates at the top of the invoice. The period runs from the anniversary of the subscription date.
4. Set a usage alert on the billing page so that unexpected accrual is noticed during the period rather than at the end of it.

## Notes

Invoices are finalised three days after the period ends. Adjustments requested before finalisation appear on the same invoice.

---

[DOC-BILL-001] Understanding your invoice and usage breakdown:
# Understanding your invoice and usage breakdown

**Applies to:** All plans

## Symptoms

- The invoice is higher than expected
- Charges appear for a service that is not in use
- The billing period does not align with the calendar month

## Common causes

- Usage-based charges accrued beyond the plan allowance
- A resource was left running in a non-production environment
- The billing period runs from the subscription date rather than the first of the month

## Resolution

1. Open the usage breakdown for the period, which itemises charges by service and by environment.
2. Look for resources in staging or development environments, which are billed at the same rate as production.
3. Check the billing period dates at the top of the invoice. The period runs from the anniversary of the subscription date.
4. Set a usage alert on the billing page so that unexpected accrual is noticed during the period rather than at the end of it.

## Notes

Invoices are finalised three days after the period ends. Adjustments requested before finalisation appear on the same invoice.",Y,Y,Response provided from Citations only,Y,Y,Response provided from Citations only,Y
VAL-0074,docs_comment,Remove a departing team member,We are tightening permissions after a review and I want to understand how group membership interacts with directly assigned roles.,"To understand how group membership interacts with directly assigned roles, check the effective permissions view for the user, which resolves direct roles and group memberships together. Prefer group membership to direct role assignment, so that access can be reviewed in one place.","DOC-ACCT-001, DOC-ACCT-001","[DOC-ACCT-001] Managing team members, roles and permissions:
# Managing team members, roles and permissions

**Applies to:** All plans

## Symptoms

- A user cannot access a project they should be able to
- A departing user needs removing
- Permissions need narrowing after a review

## Common causes

- The role was granted at project scope rather than organisation scope
- The invitation was never accepted and the account does not exist
- A group membership grants broader access than the direct role suggests

## Resolution

1. Check the effective permissions view for the user, which resolves direct roles and group memberships together.
2. Confirm the invitation was accepted. Pending invitations appear in a separate section and expire after seven days.
3. Remove a departing user rather than only changing their password, and revoke any API keys they created.
4. Prefer group membership to direct role assignment, so that access can be reviewed in one place.

## Notes

Removing the last account owner is not permitted. Transfer ownership before removing the account.

---

[DOC-ACCT-001] Managing team members, roles and permissions:
# Managing team members, roles and permissions

**Applies to:** All plans

## Symptoms

- A user cannot access a project they should be able to
- A departing user needs removing
- Permissions need narrowing after a review

## Common causes

- The role was granted at project scope rather than organisation scope
- The invitation was never accepted and the account does not exist
- A group membership grants broader access than the direct role suggests

## Resolution

1. Check the effective permissions view for the user, which resolves direct roles and group memberships together.
2. Confirm the invitation was accepted. Pending invitations appear in a separate section and expire after seven days.
3. Remove a departing user rather than only changing their password, and revoke any API keys they created.
4. Prefer group membership to direct role assignment, so that access can be reviewed in one place.

## Notes

Removing the last account owner is not permitted. Transfer ownership before removing the account.",Y,Y,Response provided from Citations only,Y,Y,Response provided from Citations only,Y
VAL-0075,docs_comment,API key returning 401,A key can read fine but every write returns a permission error. I created it myself and I thought I gave it full access.,Check the API keys page for the key's status and expiry. Revoked and expired keys are listed with the date and the user who acted.,DOC-AUTH-004,"[DOC-AUTH-004] API key rotation and scope management:
# API key rotation and scope management

**Applies to:** All plans

## Symptoms

- A previously working key returns 401 Unauthorized
- A key works for some endpoints and not others
- A key needs replacing after accidental exposure

## Common causes

- The key was revoked or reached its configured expiry
- The key was issued with a scope that excludes the endpoint being called
- The key belongs to a deleted user and was removed with the account

## Resolution

1. Check the API keys page for the key's status and expiry. Revoked and expired keys are listed with the date and the user who acted.
2. Review the scopes attached to the key. Read-only keys cannot write, and project-scoped keys cannot reach organisation endpoints.
3. To rotate without downtime, create the replacement key first, deploy it, confirm traffic has moved, then revoke the old key.
4. If a key has been exposed publicly, revoke it immediately rather than waiting for the rotation window.

## Notes

Keys issued to individual users are removed when that user is deleted. Use service accounts for anything running in production.",Y,Y,Response provided from Citations only,Y,Y,Response provided from Citations only,Y
VAL-0076,email,Need data to stay in the EU,We need our data to remain within the EU for a contract we are signing. Our organisation was created some time ago and I am not sure which region it is in.,"To check the region where your organisation's data is stored, go to the organisation settings page and look for the region shown there. If you need to change the region, you'll need to contact support for a planned migration with a maintenance window.","DOC-DATA-003, DOC-DATA-003","[DOC-DATA-003] Data residency and regional storage:
# Data residency and regional storage

**Applies to:** Business and Enterprise plans

## Symptoms

- A customer requires data to remain in a specific region
- Latency is high for users far from the primary region
- A compliance review has asked where data is held

## Common causes

- The organisation was created in a region that no longer suits the requirement
- Read traffic is being served from the primary region only
- Backups are replicated to a second region by default

## Resolution

1. Check the region shown on the organisation settings page. This is fixed at creation and determines where primary data is stored.
2. Enable read replicas in additional regions to reduce latency for distant users without moving primary storage.
3. Review the backup replication setting if a single-region requirement applies, since cross-region replication is enabled by default.
4. Migrating an organisation between regions requires a planned migration with support and involves a maintenance window.

## Notes

Metadata such as account names and billing records is stored centrally regardless of the data region.

---

[DOC-DATA-003] Data residency and regional storage:
# Data residency and regional storage

**Applies to:** Business and Enterprise plans

## Symptoms

- A customer requires data to remain in a specific region
- Latency is high for users far from the primary region
- A compliance review has asked where data is held

## Common causes

- The organisation was created in a region that no longer suits the requirement
- Read traffic is being served from the primary region only
- Backups are replicated to a second region by default

## Resolution

1. Check the region shown on the organisation settings page. This is fixed at creation and determines where primary data is stored.
2. Enable read replicas in additional regions to reduce latency for distant users without moving primary storage.
3. Review the backup replication setting if a single-region requirement applies, since cross-region replication is enabled by default.
4. Migrating an organisation between regions requires a planned migration with support and involves a maintenance window.

## Notes

Metadata such as account names and billing records is stored centrally regardless of the data region.",Y,Y,Response provided from Citations only,Y,Y,Response provided from Citations only,Y
VAL-0077,chat,,"Our billing period does not seem to match the calendar month, which is making reconciliation difficult. Is that expected?","The billing period runs from the anniversary of the subscription date, not from the first of the month. You can check the billing period dates at the top of the invoice.",DOC-BILL-001,"[DOC-BILL-001] Understanding your invoice and usage breakdown:
# Understanding your invoice and usage breakdown

**Applies to:** All plans

## Symptoms

- The invoice is higher than expected
- Charges appear for a service that is not in use
- The billing period does not align with the calendar month

## Common causes

- Usage-based charges accrued beyond the plan allowance
- A resource was left running in a non-production environment
- The billing period runs from the subscription date rather than the first of the month

## Resolution

1. Open the usage breakdown for the period, which itemises charges by service and by environment.
2. Look for resources in staging or development environments, which are billed at the same rate as production.
3. Check the billing period dates at the top of the invoice. The period runs from the anniversary of the subscription date.
4. Set a usage alert on the billing page so that unexpected accrual is noticed during the period rather than at the end of it.

## Notes

Invoices are finalised three days after the period ends. Adjustments requested before finalisation appear on the same invoice.",Y,Y,Response provided from Citations only,Y,Y,Response provided from Citations only,Y
VAL-0078,docs_comment,Database restore taking hours,connection not available error coming. we scale up service then problem start. please check.,"To troubleshoot the issue with your database restore taking hours, please check the retention period for your plan. According to the documentation, retention is seven days on Standard, thirty days on Business, and ninety days on Enterprise plans. You can also try verifying the restored data before switching traffic, and keep the original instance until that verification is complete.","DOC-DATA-002, DOC-DATA-002","[DOC-DATA-002] Backups, retention and point-in-time restore:
# Backups, retention and point-in-time restore

**Applies to:** Managed Database

## Symptoms

- Data was deleted and needs recovering
- A restore is taking longer than expected
- A backup is older than expected

## Common causes

- Automated backups run daily and retention depends on the plan
- Restore time scales with database size
- Point-in-time recovery is available only where continuous archiving is enabled

## Resolution

1. Identify the point you need to restore to. Point-in-time recovery covers any moment within the retention window rather than only backup times.
2. Restore into a new database instance rather than over the existing one, so the current state is preserved while you verify the restore.
3. Allow roughly ten minutes per hundred gigabytes for the restore, and considerably longer where the instance is also under load.
4. Verify the restored data before switching traffic, and keep the original instance until that verification is complete.

## Notes

Retention is seven days on Standard, thirty days on Business and ninety days on Enterprise plans.

---

[DOC-DATA-002] Backups, retention and point-in-time restore:
# Backups, retention and point-in-time restore

**Applies to:** Managed Database

## Symptoms

- Data was deleted and needs recovering
- A restore is taking longer than expected
- A backup is older than expected

## Common causes

- Automated backups run daily and retention depends on the plan
- Restore time scales with database size
- Point-in-time recovery is available only where continuous archiving is enabled

## Resolution

1. Identify the point you need to restore to. Point-in-time recovery covers any moment within the retention window rather than only backup times.
2. Restore into a new database instance rather than over the existing one, so the current state is preserved while you verify the restore.
3. Allow roughly ten minutes per hundred gigabytes for the restore, and considerably longer where the instance is also under load.
4. Verify the restored data before switching traffic, and keep the original instance until that verification is complete.

## Notes

Retention is seven days on Standard, thirty days on Business and ninety days on Enterprise plans.",Y,Y,Response provided from Citations only,Y,Y,Response provided from Citations only,Y
VAL-0079,email,Need data to stay in the EU,one of our customers has asked for written confirmation of where their data is physically stored. Can you please point me to something I can share with them? kindly check and revert.,"According to the documentation, data residency and regional storage are determined by the region shown on the organisation settings page, which is fixed at creation and determines where primary data is stored. You can check this by following the resolution steps in [DOC-DATA-003] Data residency and regional storage.",DOC-DATA-003,"[DOC-DATA-003] Data residency and regional storage:
# Data residency and regional storage

**Applies to:** Business and Enterprise plans

## Symptoms

- A customer requires data to remain in a specific region
- Latency is high for users far from the primary region
- A compliance review has asked where data is held

## Common causes

- The organisation was created in a region that no longer suits the requirement
- Read traffic is being served from the primary region only
- Backups are replicated to a second region by default

## Resolution

1. Check the region shown on the organisation settings page. This is fixed at creation and determines where primary data is stored.
2. Enable read replicas in additional regions to reduce latency for distant users without moving primary storage.
3. Review the backup replication setting if a single-region requirement applies, since cross-region replication is enabled by default.
4. Migrating an organisation between regions requires a planned migration with support and involves a maintenance window.

## Notes

Metadata such as account names and billing records is stored centrally regardless of the data region.",Y,Y,Response provided from Citations only,Y,Y,Response provided from Citations only,Y
VAL-0080,chat,,Builds that worked last week are now failing during dependency resolution. We have not changed our code at all. This is blocking a release we had planned for yesterday morning.,"Build failures caused by dependency resolution. To resolve this, pin your dependencies with exact versions and commit the lock file. Unpinned dependencies are the cause in the large majority of cases of this kind.","DOC-DEPLOY-003, DOC-DEPLOY-003","[DOC-DEPLOY-003] Build failures caused by dependency resolution:
# Build failures caused by dependency resolution

**Applies to:** Build Service

## Symptoms

- Builds that previously succeeded now fail without code changes
- The build works locally but fails in the pipeline
- Dependency resolution takes far longer than usual

## Common causes

- An unpinned dependency released a new incompatible version
- The build environment uses a different language runtime than the local machine
- The dependency cache holds a partially written artefact

## Resolution

1. Pin your dependencies with exact versions and commit the lock file. Unpinned dependencies are the cause in the large majority of cases of this kind.
2. Compare the runtime version declared in your build configuration against the version you use locally.
3. Clear the build cache from the settings page and trigger a fresh build to rule out a corrupted artefact.
4. If a specific dependency is failing to resolve, check whether its registry is reachable from the build network.

## Notes

Build logs retain the full resolution output for thirty days, which is usually enough to identify which version changed.

---

[DOC-DEPLOY-003] Build failures caused by dependency resolution:
# Build failures caused by dependency resolution

**Applies to:** Build Service

## Symptoms

- Builds that previously succeeded now fail without code changes
- The build works locally but fails in the pipeline
- Dependency resolution takes far longer than usual

## Common causes

- An unpinned dependency released a new incompatible version
- The build environment uses a different language runtime than the local machine
- The dependency cache holds a partially written artefact

## Resolution

1. Pin your dependencies with exact versions and commit the lock file. Unpinned dependencies are the cause in the large majority of cases of this kind.
2. Compare the runtime version declared in your build configuration against the version you use locally.
3. Clear the build cache from the settings page and trigger a fresh build to rule out a corrupted artefact.
4. If a specific dependency is failing to resolve, check whether its registry is reachable from the build network.

## Notes

Build logs retain the full resolution output for thirty days, which is usually enough to identify which version changed.",Y,Y,Response provided from Citations only,Y,Y,Response provided from Citations only,Y
,,,,,,,Y,Y,Response provided from Citations only,Y,Y,Response provided from Citations only,Y
